,user,up_check,brand,url,features
0,멤버_464f9cc84f7d,0,119레오,https://www.musinsa.com/app/goods/1876547/0,기타 면 상의 5 남자 39000 0
1,멤버_464f9cc84f7d,0,119레오,https://www.musinsa.com/app/goods/2396824/0,카키 면 하의 5 남자 42000 0
2,멤버_464f9cc84f7d,0,119레오,https://www.musinsa.com/app/goods/2428013/0,기타 면 모자 5 남자 59000 0
3,멤버_464f9cc84f7d,0,119레오,https://www.musinsa.com/app/goods/470357/0,블랙 면 상의 5 남자 35000 0
4,멤버_464f9cc84f7d,1,119레오,https://www.musinsa.com/app/goods/1766332/0,아이보리 면 아라미드 가방 5 남자 48000 1
5,멤버_464f9cc84f7d,0,119레오,https://www.musinsa.com/app/goods/1987340/0,그린 면 상의 5 남자 39000 0
6,뉴비_d6424f15ff4d,0,119레오,https://www.musinsa.com/app/goods/1515617/0,기타 면 폴리에스터 파우치 5 여자 22000 1
7,뉴비_d6424f15ff4d,1,119레오,https://www.musinsa.com/app/goods/1766299/0,블랙 면 아라미드 가방 5 여자 48000 1
8,뉴비_d6424f15ff4d,1,119레오,https://www.musinsa.com/app/goods/1766332/0,화이트 면 아라미드 가방 5 여자 48000 1
9,뉴비_d6424f15ff4d,0,119레오,https://www.musinsa.com/app/goods/1611891/0,블랙 울 폴리에스터 상의 5 여자 163000 0
10,뉴비_d6424f15ff4d,0,119레오,https://www.musinsa.com/app/goods/1180676/0,블랙 폴리에스터 상의 5 여자 23900 0
11,뉴비_d6424f15ff4d,0,119레오,https://www.musinsa.com/app/goods/2285969/0,네이비 면 폴리에스터 셋업 5 여자 97900 0
12,scmp,0,119레오,https://www.musinsa.com/app/goods/2074806/0,베이지 면 하의 5 남자 60000 0
13,scmp,0,119레오,https://www.musinsa.com/app/goods/1767916/0,네이비 아크릴 상의 5 남자 89000 0
14,scmp,1,119레오,https://www.musinsa.com/app/goods/1766332/0,아이보리 면 아라미드 가방 5 남자 48000 1
15,뉴비_6cbf81de65bf,1,119레오,https://www.musinsa.com/app/goods/1766587/0,기타 아라미드 가방 5 여자 230000 1
16,__ S,0,119레오,https://www.musinsa.com/app/goods/726166/0,화이트 면 상의 5 여자 39000 0
17,__ S,0,119레오,https://www.musinsa.com/app/goods/1778912/0,그레이 폴리에스터 나일론 상의 5 여자 189000 0
18,__ S,0,119레오,https://www.musinsa.com/app/goods/1168906/0,블랙 폴리에스터 레이온 폴리우레탄 하의 5 여자 32900 0
19,__ S,0,119레오,https://www.musinsa.com/app/goods/1778554/0,블루 면 하의 5 여자 49000 0
20,__ S,0,119레오,https://www.musinsa.com/app/goods/1214169/0,네이비 면 모자 5 여자 36000 0
21,__ S,0,119레오,https://www.musinsa.com/app/goods/2048721/0,블랙 면 상의 5 여자 79000 0
22,__ S,0,119레오,https://www.musinsa.com/app/goods/2156711/0,그레이 폴리에스터 상의 5 여자 79000 0
23,__ S,0,119레오,https://www.musinsa.com/app/goods/2307173/0,블랙 폴리에스터 폴리우레탄 상의 5 여자 139000 0
24,__ S,1,119레오,https://www.musinsa.com/app/goods/2094066/0,기타 아라미드 파우치 5 여자 9000 0
25,__ S,0,119레오,https://www.musinsa.com/app/goods/1760674/0,블랙 폴리에스터 파우치 5 여자 39000 0
26,__ S,0,119레오,https://www.musinsa.com/app/goods/1943608/0,그레이 울 폴리에스터 레이온 폴리우레탄 하의 5 여자 36000 0
27,__ S,0,119레오,https://www.musinsa.com/app/goods/2033067/0,기타 면 상의 5 여자 79000 0
28,__ S,0,119레오,https://www.musinsa.com/app/goods/1128544/0,화이트 면 상의 4 여자 39000 0
29,__ S,0,119레오,https://www.musinsa.com/app/goods/2115562/0,블루 면 상의 4 여자 82000 0
30,__ S,0,119레오,https://www.musinsa.com/app/goods/2233488/0,블랙 폴리에스터 폴리우레탄 하의 5 여자 39000 0
31,__ S,0,119레오,https://www.musinsa.com/app/goods/2179316/0,블랙 폴리에스터 상의 5 여자 188000 0
32,__ S,0,119레오,https://www.musinsa.com/app/goods/2188968/0,그레이 면 상의 5 여자 54000 0
33,__ S,0,119레오,https://www.musinsa.com/app/goods/2188761/0,네이비 면 하의 5 여자 67000 0
34,__ S,0,119레오,https://www.musinsa.com/app/goods/1639242/0,블랙 폴리에스터 폴리우레탄 하의 5 여자 100 0
35,__ S,0,119레오,https://www.musinsa.com/app/goods/1212777/0,그레이 면 하의 5 여자 25900 0
36,__ S,0,119레오,https://www.musinsa.com/app/goods/1551839/0,블랙 면 폴리에스터 하의 5 여자 39000 0
37,__ S,0,119레오,https://www.musinsa.com/app/goods/1551840/0,그레이 면 폴리에스터 하의 5 여자 39000 0
38,__ S,0,119레오,https://www.musinsa.com/app/goods/2099768/0,네이비 면 상의 5 여자 82000 0
39,그 크신 사랑,0,119레오,https://www.musinsa.com/app/goods/2144044/0,블루 면 상의 5 알수없음 32500 0
40,그 크신 사랑,1,119레오,https://www.musinsa.com/app/goods/1766299/0,블랙 면 아라미드 가방 5 알수없음 48000 1
41,kxcc,0,119레오,https://www.musinsa.com/app/goods/2393815/0,그레이 면 상의 5 알수없음 45900 0
42,kxcc,0,119레오,https://www.musinsa.com/app/goods/2127174/0,카키 폴리에스터 상의 5 알수없음 129000 0
43,kxcc,0,119레오,https://www.musinsa.com/app/goods/2365074/0,블루 면 하의 5 알수없음 49000 0
44,kxcc,1,119레오,https://www.musinsa.com/app/goods/2326014/0,블랙 아라미드 파우치 5 알수없음 9000 0
45,kxcc,0,119레오,https://www.musinsa.com/app/goods/2089502/0,블랙 면 상의 5 알수없음 28900 0
46,Air젤,0,119레오,https://www.musinsa.com/app/goods/2231390/0,화이트 None 상의 5 남자 126000 0
47,Air젤,0,119레오,https://www.musinsa.com/app/goods/2192805/0,블루 면 하의 5 남자 103000 0
48,Air젤,1,119레오,https://www.musinsa.com/app/goods/1766376/0,기타 아라미드 가방 5 남자 150000 1
49,Air젤,0,119레오,https://www.musinsa.com/app/goods/2103894/0,카키 폴리에스터 상의 5 남자 127000 0
50,Air젤,0,119레오,https://www.musinsa.com/app/goods/1572185/0,멀티 아크릴 상의 5 남자 74000 1
51,구남균,1,119레오,https://www.musinsa.com/app/goods/2094066/0,기타 아라미드 파우치 4 남자 9000 0
52,구남균,0,119레오,https://www.musinsa.com/app/goods/2151376/0,멀티 None 파우치 4 남자 64000 1
53,sys4515,0,119레오,https://www.musinsa.com/app/goods/2495075/0,기타 린넨 면 레이온 폴리에스터 하의 5 여자 72000 0
54,sys4515,0,119레오,https://www.musinsa.com/app/goods/1117539/0,그린 면 상의 5 여자 11900 0
55,sys4515,0,119레오,https://www.musinsa.com/app/goods/2411269/0,그레이 면 폴리에스터 상의 5 여자 16900 0
56,sys4515,0,119레오,https://www.musinsa.com/app/goods/2024232/0,블루 면 폴리에스터 상의 5 여자 47000 0
57,sys4515,0,119레오,https://www.musinsa.com/app/goods/1768633/0,블루 면 하의 5 여자 78000 0
58,sys4515,0,119레오,https://www.musinsa.com/app/goods/1278214/0,그레이 면 폴리에스터 하의 5 여자 39000 0
59,sys4515,0,119레오,https://www.musinsa.com/app/goods/2112061/0,블랙 면 폴리에스터 하의 5 여자 52000 0
60,sys4515,0,119레오,https://www.musinsa.com/app/goods/1992916/0,네이비 폴리에스터 폴리우레탄 상의 5 여자 14900 0
61,sys4515,0,119레오,https://www.musinsa.com/app/goods/2112059/0,그레이 면 폴리에스터 하의 5 여자 52000 0
62,sys4515,0,119레오,https://www.musinsa.com/app/goods/2178132/0,블랙 면 상의 5 여자 36000 0
63,sys4515,0,119레오,https://www.musinsa.com/app/goods/2346266/0,멀티 폴리에스터 상의 5 여자 169000 0
64,sys4515,0,119레오,https://www.musinsa.com/app/goods/2108160/0,베이지 폴리에스터 상의 5 여자 29900 0
65,sys4515,1,119레오,https://www.musinsa.com/app/goods/1507558/0,아이보리 면 아라미드 가방 5 여자 30000 1
66,sys4515,1,119레오,https://www.musinsa.com/app/goods/1766332/0,아이보리 면 아라미드 가방 5 여자 48000 1
67,sys4515,0,119레오,https://www.musinsa.com/app/goods/2060994/0,그레이 면 상의 5 여자 79000 0
68,멤버_2d7aa55d30bb,1,누깍,https://www.musinsa.com/app/goods/2093274/0,화이트 광고현수막 가방 5 남자 159000 1
69,멤버_2d7aa55d30bb,0,누깍,https://www.musinsa.com/app/goods/1778385/0,그레이 면 폴리에스터 하의 4 남자 39000 0
70,멤버_2d7aa55d30bb,0,누깍,https://www.musinsa.com/app/goods/2541403/0,화이트 면 상의 5 남자 42000 0
71,멤버_2d7aa55d30bb,0,누깍,https://www.musinsa.com/app/goods/2172090/0,카키 나일론 상의 5 남자 299000 0
72,멤버_2d7aa55d30bb,0,누깍,https://www.musinsa.com/app/goods/2319936/0,그린 면 상의 5 남자 84000 0
73,멤버_2d7aa55d30bb,0,누깍,https://www.musinsa.com/app/goods/2541244/0,블랙 면 상의 5 남자 42000 0
74,쇼핑하는쥬니,1,누깍,https://www.musinsa.com/app/goods/1315087/0,블랙 타이어이너튜브 가방 4 여자 119000 1
75,쇼핑하는쥬니,0,누깍,https://www.musinsa.com/app/goods/2288424/0,블루 나일론 셋업 4 여자 109000 0
76,쇼핑하는쥬니,0,누깍,https://www.musinsa.com/app/goods/2232747/0,그레이 면 폴리에스터 셋업 4 여자 56000 0
77,쇼핑하는쥬니,0,누깍,https://www.musinsa.com/app/goods/2190289/0,아이보리 None 상의 4 여자 56000 1
78,미새벽,1,누깍,https://www.musinsa.com/app/goods/2490872/0,블루 광고현수막 가방 5 여자 105000 1
79,미새벽,0,누깍,https://www.musinsa.com/app/goods/1920840/0,기타 면 모자 5 여자 39000 0
80,미새벽,0,누깍,https://www.musinsa.com/app/goods/2037467/0,그린 면 폴리에스터 상의 5 여자 59000 0
81,미새벽,0,누깍,https://www.musinsa.com/app/goods/2106705/0,그린 면 상의 5 여자 38900 0
82,미새벽,0,누깍,https://www.musinsa.com/app/goods/999426/0,블랙 면 폴리에스터 하의 5 여자 54800 0
83,미새벽,0,누깍,https://www.musinsa.com/app/goods/2319057/0,블랙 폴리에스터 폴리우레탄 셋업 5 여자 92000 0
84,끼잉꼬옹,1,누깍,https://www.musinsa.com/app/goods/2490864/0,베이지 광고현수막 가방 5 남자 105000 0
85,끼잉꼬옹,0,누깍,https://www.musinsa.com/app/goods/2034137/0,블랙 면 상의 5 남자 21800 0
86,끼잉꼬옹,0,누깍,https://www.musinsa.com/app/goods/1852554/0,그레이 폴리에스터 레이온 폴리우레탄 하의 5 남자 35900 0
87,끼잉꼬옹,0,누깍,https://www.musinsa.com/app/goods/1763282/0,네이비 면 하의 5 남자 129000 0
88,꾸이륙,1,누깍,https://www.musinsa.com/app/goods/2490870/0,화이트 광고현수막 가방 5 여자 105000 1
89,꾸이륙,0,누깍,https://www.musinsa.com/app/goods/1618309/0,그레이 폴리에스터 레이온 폴리우레탄 상의 5 여자 71900 0
90,꾸이륙,0,누깍,https://www.musinsa.com/app/goods/1913579/0,화이트 면 하의 5 여자 49000 0
91,꾸이륙,0,누깍,https://www.musinsa.com/app/goods/2124428/0,화이트 면 하의 5 여자 39900 0
92,꾸이륙,0,누깍,https://www.musinsa.com/app/goods/1758218/0,아이보리 None 가방 5 여자 56000 0
93,꾸이륙,0,누깍,https://www.musinsa.com/app/goods/1596414/0,블랙 폴리에스터 레이온 폴리우레탄 하의 5 여자 32900 0
94,꾸이륙,0,누깍,https://www.musinsa.com/app/goods/2100524/0,기타 면 상의 5 여자 55000 0
95,드밍밍,1,누깍,https://www.musinsa.com/app/goods/2490853/0,멀티 광고현수막 가방 5 여자 119000 1
96,드밍밍,0,누깍,https://www.musinsa.com/app/goods/1467810/0,그린 면 하의 5 여자 45000 1
97,드밍밍,0,누깍,https://www.musinsa.com/app/goods/1591322/0,블루 면 폴리에스터 상의 5 여자 78000 0
98,드밍밍,0,누깍,https://www.musinsa.com/app/goods/1001061/0,그린 면 상의 5 여자 59000 1
99,드밍밍,0,누깍,https://www.musinsa.com/app/goods/1475260/0,블루 면 상의 5 여자 38000 1
100,드밍밍,0,누깍,https://www.musinsa.com/app/goods/1321334/0,블루 폴리에스터 레이온 상의 5 여자 34000 1
101,병789기,1,누깍,https://www.musinsa.com/app/goods/1341342/0,멀티 광고현수막 가방 5 남자 69000 1
102,병789기,0,누깍,https://www.musinsa.com/app/goods/2101662/0,베이지 면 하의 5 남자 34900 0
103,병789기,0,누깍,https://www.musinsa.com/app/goods/2134433/0,기타 면 하의 5 남자 89000 0
104,병789기,0,누깍,https://www.musinsa.com/app/goods/2229506/0,블랙 폴리에스터 상의 5 남자 94000 0
105,퇴사소취,1,누깍,https://www.musinsa.com/app/goods/1315087/0,블랙 타이어튜브 가방 5 여자 119000 1
106,퇴사소취,0,누깍,https://www.musinsa.com/app/goods/1708002/0,블랙 폴리에스터 상의 5 여자 68000 0
107,istherejam,1,누깍,https://www.musinsa.com/app/goods/1315087/0,블랙 타이어튜브 가방 5 남자 119000 1
108,헤헷헿ㅎ,0,누깍,https://www.musinsa.com/app/goods/1900295/0,화이트 면 마 상의 5 여자 39900 0
109,헤헷헿ㅎ,0,누깍,https://www.musinsa.com/app/goods/2330667/0,그레이 폴리에스터 레이온 상의 5 여자 39900 0
110,헤헷헿ㅎ,0,누깍,https://www.musinsa.com/app/goods/1801619/0,블랙 면 상의 5 여자 12900 0
111,헤헷헿ㅎ,0,누깍,https://www.musinsa.com/app/goods/1883440/0,그린 면 마 상의 5 여자 39900 0
112,헤헷헿ㅎ,0,누깍,https://www.musinsa.com/app/goods/1883437/0,화이트 폴리에스터 레이온 폴리우레탄 상의 5 알수없음 12900 0
113,헤헷헿ㅎ,0,누깍,https://www.musinsa.com/app/goods/1314853/0,네이비 면 모자 5 알수없음 39000 0
115,헤헷헿ㅎ,1,누깍,https://www.musinsa.com/app/goods/2490800/0,멀티 광고현수막 가방 5 알수없음 79000 1
116,헤헷헿ㅎ,0,누깍,https://www.musinsa.com/app/goods/1850434/0,화이트 면 폴리에스터 상의 5 알수없음 42000 0
117,헤헷헿ㅎ,0,누깍,https://www.musinsa.com/app/goods/1976346/0,그린 면 상의 5 알수없음 45000 1
118,헤헷헿ㅎ,0,누깍,https://www.musinsa.com/app/goods/1629295/0,블랙 폴리에스터 상의 5 알수없음 142000 0
119,헤헷헿ㅎ,0,누깍,https://www.musinsa.com/app/goods/1745410/0,베이지 폴리에스터 가방 5 알수없음 39000 0
120,헤헷헿ㅎ,0,누깍,https://www.musinsa.com/app/goods/1863956/0,그레이 면 상의 5 알수없음 59900 0
121,헤헷헿ㅎ,0,누깍,https://www.musinsa.com/app/goods/2053744/0,그레이 면 폴리에스터 상의 4 알수없음 98000 0
122,헤헷헿ㅎ,0,누깍,https://www.musinsa.com/app/goods/1733503/0,그린 폴리에스터 레이온 나일론 상의 5 알수없음 49900 0
123,헤헷헿ㅎ,0,누깍,https://www.musinsa.com/app/goods/1527947/0,카키 None 상의 5 알수없음 56000 0
124,헤헷헿ㅎ,0,누깍,https://www.musinsa.com/app/goods/1541815/0,블루 면 상의 5 알수없음 89000 0
125,헤헷헿ㅎ,0,누깍,https://www.musinsa.com/app/goods/2104977/0,아이보리 면 상의 5 알수없음 79000 1
126,헤헷헿ㅎ,0,누깍,https://www.musinsa.com/app/goods/2135052/0,블랙 폴리에스터 나일론 상의 5 알수없음 199000 0
127,헤헷헿ㅎ,0,누깍,https://www.musinsa.com/app/goods/2037166/0,블랙 폴리에스터 레더 상의 5 알수없음 79900 0
128,헤헷헿ㅎ,0,누깍,https://www.musinsa.com/app/goods/927047/0,블랙 울 나일론 모자 5 알수없음 43000 0
129,헤헷헿ㅎ,0,누깍,https://www.musinsa.com/app/goods/1213654/0,블랙 면 상의 5 알수없음 34900 0
130,헤헷헿ㅎ,0,누깍,https://www.musinsa.com/app/goods/1639223/0,화이트 폴리에스터 폴리우레탄 상의 5 알수없음 100 0
131,헤헷헿ㅎ,0,누깍,https://www.musinsa.com/app/goods/2128186/0,아이보리 면 상의 5 알수없음 39000 0
132,헤헷헿ㅎ,0,누깍,https://www.musinsa.com/app/goods/1743092/0,카키 나일론 상의 5 알수없음 139000 1
133,박순창,0,누깍,https://www.musinsa.com/app/goods/2371244/0,블랙 레더 상의 5 남자 108000 0
134,박순창,0,누깍,https://www.musinsa.com/app/goods/1108007/0,블랙 폴리에스터 레이온 폴리우레탄 상의 5 남자 70900 0
135,박순창,0,누깍,https://www.musinsa.com/app/goods/1149328/0,블랙 폴리에스터 레이온 폴리우레탄 하의 5 알수없음 32900 0
136,박순창,0,누깍,https://www.musinsa.com/app/goods/1275326/0,블랙 폴리에스터 가방 5 알수없음 66000 0
137,박순창,0,누깍,https://www.musinsa.com/app/goods/2553860/0,아이보리 면 폴리에스터 상의 4 알수없음 27900 0
138,박순창,1,누깍,https://www.musinsa.com/app/goods/1315087/0,블랙 타이어튜브 가방 5 알수없음 119000 1
139,김준듕,0,누깍,https://www.musinsa.com/app/goods/1632175/0,블랙 면 모자 5 남자 39900 0
140,김준듕,0,누깍,https://www.musinsa.com/app/goods/983818/0,화이트 폴리에스터 폴리우레탄 상의 5 남자 23900 0
141,김준듕,1,누깍,https://www.musinsa.com/app/goods/1315087/0,블랙 타이어튜브 가방 5 알수없음 119000 1
142,김준듕,0,누깍,https://www.musinsa.com/app/goods/1168922/0,블랙 폴리에스터 레이온 폴리우레탄 하의 5 알수없음 32900 0
143,김준듕,0,누깍,https://www.musinsa.com/app/goods/1283757/0,블랙 폴리에스터 레이온 폴리우레탄 상의 5 알수없음 71900 0
144,김준듕,0,누깍,https://www.musinsa.com/app/goods/1948520/0,그레이 면 하의 4 알수없음 69800 0
145,김준듕,0,누깍,https://www.musinsa.com/app/goods/1692088/0,블랙 폴리에스터 하의 5 알수없음 79000 1
146,김준듕,0,누깍,https://www.musinsa.com/app/goods/1692473/0,블랙 폴리에스터 상의 5 알수없음 143000 1
147,김준듕,0,누깍,https://www.musinsa.com/app/goods/2232790/0,멀티 폴리에스터 하의 5 알수없음 49000 0
148,김준듕,0,누깍,https://www.musinsa.com/app/goods/2238238/0,블랙 면 레이온 셋업 5 알수없음 39900 0
149,김준듕,0,누깍,https://www.musinsa.com/app/goods/1352646/0,화이트 면 하의 5 알수없음 46000 0
150,김준듕,0,누깍,https://www.musinsa.com/app/goods/2253833/0,블랙 None 모자 5 알수없음 55000 0
151,김준듕,0,누깍,https://www.musinsa.com/app/goods/2049324/0,멀티 면 레이온 셋업 5 알수없음 39900 1
152,김준듕,0,누깍,https://www.musinsa.com/app/goods/2146306/0,아이보리 면 하의 5 알수없음 39900 0
153,i!ii!!,1,누깍,https://www.musinsa.com/app/goods/1315087/0,블랙 타이어튜브 가방 5 알수없음 119000 1
154,i!ii!!,1,누깍,https://www.musinsa.com/app/goods/2490876/0,멀티 광고현수막 가방 5 알수없음 105000 1
155,i!ii!!,0,누깍,https://www.musinsa.com/app/goods/2433959/0,화이트 None 상의 5 알수없음 58000 0
156,콩슈크림빵,0,누깍,https://www.musinsa.com/app/goods/2329318/0,블랙 면 상의 5 여자 46000 0
157,콩슈크림빵,0,누깍,https://www.musinsa.com/app/goods/2505518/0,블랙 폴리에스터 모자 4 여자 42000 0
158,콩슈크림빵,0,누깍,https://www.musinsa.com/app/goods/1945314/0,블랙 폴리에스터 레이온 폴리우레탄 하의 4 여자 32900 0
159,콩슈크림빵,0,누깍,https://www.musinsa.com/app/goods/2398609/0,블랙 폴리에스터 레이온 폴리우레탄 상의 4 여자 69900 0
160,콩슈크림빵,0,누깍,https://www.musinsa.com/app/goods/2415447/0,카키 면 폴라에스터 셋업 4 여자 128000 0
161,콩슈크림빵,0,누깍,https://www.musinsa.com/app/goods/2413954/0,블루 None 하의 5 여자 49900 0
162,콩슈크림빵,0,누깍,https://www.musinsa.com/app/goods/2329390/0,블랙 폴리에스터 폴리 하의 5 여자 59000 0
163,콩슈크림빵,0,누깍,https://www.musinsa.com/app/goods/2472412/0,그레이 면 상의 5 여자 43000 0
164,콩슈크림빵,0,누깍,https://www.musinsa.com/app/goods/2329380/0,블루 면 모자 5 여자 39000 0
165,콩슈크림빵,1,누깍,https://www.musinsa.com/app/goods/2490789/0,멀티 광고현수막 가방 5 여자 79000 1
166,콩슈크림빵,0,누깍,https://www.musinsa.com/app/goods/2329378/0,블루 면 모자 5 여자 39000 0
167,콩슈크림빵,0,누깍,https://www.musinsa.com/app/goods/2300650/0,네이비 나일론 상의 5 여자 88900 0
168,콩슈크림빵,0,누깍,https://www.musinsa.com/app/goods/1882390/0,블랙 면 상의 5 여자 39000 0
169,콩슈크림빵,0,누깍,https://www.musinsa.com/app/goods/2349880/0,블랙 폴리에스터 나일론 상의 5 여자 98000 0
170,콩슈크림빵,0,누깍,https://www.musinsa.com/app/goods/1926048/0,그레이 면 폴리에스터 하의 5 여자 32000 0
171,콩슈크림빵,0,누깍,https://www.musinsa.com/app/goods/1882396/0,화이트 면 상의 5 여자 39000 0
172,콩슈크림빵,0,누깍,https://www.musinsa.com/app/goods/2123132/0,블랙 면 모자 5 여자 39000 0
173,콩슈크림빵,0,누깍,https://www.musinsa.com/app/goods/2349580/0,블루 면 하의 5 여자 49900 0
174,콩슈크림빵,0,누깍,https://www.musinsa.com/app/goods/2411282/0,블랙 면 폴라에스터 상의 5 여자 14900 0
175,콩슈크림빵,0,누깍,https://www.musinsa.com/app/goods/48209/0,카키 폴리에스터 가방 5 여자 59000 0
176,콩슈크림빵,0,누깍,https://www.musinsa.com/app/goods/2424816/0,블루 면 하의 5 여자 109000 1
177,콩슈크림빵,0,누깍,https://www.musinsa.com/app/goods/1838103/0,화이트 면 상의 5 여자 42000 1
178,콩슈크림빵,0,누깍,https://www.musinsa.com/app/goods/2098483/0,그레이 폴리에스터 레이온 폴리우레탄 하의 5 여자 49900 0
179,콩슈크림빵,0,누깍,https://www.musinsa.com/app/goods/2089423/0,베이지 면 폴리에스터 하의 5 여자 69000 0
180,콩슈크림빵,0,누깍,https://www.musinsa.com/app/goods/2093198/0,블루 면 상의 5 여자 71800 0
181,콩슈크림빵,0,누깍,https://www.musinsa.com/app/goods/2322844/0,기타 레더 가방 4 여자 219000 0
182,콩슈크림빵,0,누깍,https://www.musinsa.com/app/goods/2300650/0,네이비 나일론 상의 5 여자 88900 0
183,콩슈크림빵,0,누깍,https://www.musinsa.com/app/goods/1548935/0,기타 면 상의 5 여자 86000 0
184,콩슈크림빵,0,누깍,https://www.musinsa.com/app/goods/1548875/0,기타 면 하의 5 여자 79000 0
185,콩슈크림빵,0,누깍,https://www.musinsa.com/app/goods/2013629/0,기타 레더 가방 5 여자 2168182 0
186,콩슈크림빵,0,누깍,https://www.musinsa.com/app/goods/2101006/0,카키 면 폴리에스터 나일론 상의 5 여자 198000 0
187,콩슈크림빵,0,누깍,https://www.musinsa.com/app/goods/1547520/0,블랙 레더 가방 5 여자 197100 0
188,칸쵸쵸칸,0,누깍,https://www.musinsa.com/app/goods/2050437/0,블랙 폴리에스터 레이온 하의 5 남자 83000 0
189,칸쵸쵸칸,0,누깍,https://www.musinsa.com/app/goods/1174439/0,블랙 폴리에스터 레이온 폴리우레탄 하의 5 남자 29900 0
190,칸쵸쵸칸,0,누깍,https://www.musinsa.com/app/goods/1340016/0,블랙 면 하의 5 남자 109000 1
191,칸쵸쵸칸,1,누깍,https://www.musinsa.com/app/goods/1315087/0,블랙 타이어튜브 가방 5 남자 119000 1
192,칸쵸쵸칸,0,누깍,https://www.musinsa.com/app/goods/2304199/0,블랙 폴리에스터 상의 5 남자 199000 0
193,칸쵸쵸칸,0,누깍,https://www.musinsa.com/app/goods/1553007/0,블루 면 폴리우레탄 하의 5 남자 42500 0
194,칸쵸쵸칸,0,누깍,https://www.musinsa.com/app/goods/2393928/0,블랙 폴리에스터 폴리우레탄 상의 5 남자 99000 0
195,칸쵸쵸칸,0,누깍,https://www.musinsa.com/app/goods/2390180/0,베이지 면 나일론 폴리우레탄 하의 5 남자 89000 0
196,칸쵸쵸칸,0,누깍,https://www.musinsa.com/app/goods/1071581/0,블루 면 폴리에스터 하의 5 남자 69000 0
197,칸쵸쵸칸,0,누깍,https://www.musinsa.com/app/goods/953287/0,블랙 면 하의 5 남자 82000 0
198,칸쵸쵸칸,0,누깍,https://www.musinsa.com/app/goods/1361922/0,네이비 면 상의 5 남자 19800 0
199,칸쵸쵸칸,0,누깍,https://www.musinsa.com/app/goods/1619424/0,블랙 레더 상의 5 남자 209900 0
200,칸쵸쵸칸,0,누깍,https://www.musinsa.com/app/goods/1824537/0,블랙 면 나일론 상의 5 남자 169000 0
201,칸쵸쵸칸,0,누깍,https://www.musinsa.com/app/goods/1837938/0,기타 면 나일론 상의 5 남자 155000 1
202,칸쵸쵸칸,0,누깍,https://www.musinsa.com/app/goods/1913020/0,베이지 레더 가방 5 남자 69000 0
203,칸쵸쵸칸,0,누깍,https://www.musinsa.com/app/goods/2111545/0,그레이 폴리에스터 레이온 폴리우레탄 셋업 5 남자 46900 0
204,칸쵸쵸칸,0,누깍,https://www.musinsa.com/app/goods/1591085/0,블루 면 하의 5 남자 76000 0
205,칸쵸쵸칸,0,누깍,https://www.musinsa.com/app/goods/2151729/0,기타 폴리에스터 상의 5 남자 129000 0
206,J flora,0,누깍,https://www.musinsa.com/app/goods/1458426/0,블랙 면 린넨 하의 5 남자 53000 0
207,J flora,0,누깍,https://www.musinsa.com/app/goods/2035287/0,블랙 면 폴리에스터 상의 5 남자 31800 0
208,J flora,0,누깍,https://www.musinsa.com/app/goods/1168922/0,블랙 폴리에스터 레이온 폴리우레탄 하의 5 남자 32900 0
209,J flora,0,누깍,https://www.musinsa.com/app/goods/1034119/0,블랙 나일론 하의 5 남자 20900 0
210,J flora,1,누깍,https://www.musinsa.com/app/goods/2348302/0,블랙 타이어튜브 파우치 5 남자 55000 1
211,J flora,0,누깍,https://www.musinsa.com/app/goods/2219059/0,블랙 폴리에스터 가방 5 남자 26900 0
212,J flora,0,누깍,https://www.musinsa.com/app/goods/1388932/0,블랙 면 모자 5 남자 12900 0
213,J flora,0,누깍,https://www.musinsa.com/app/goods/2046491/0,아이보리 면 모자 5 남자 21900 0
214,J flora,0,누깍,https://www.musinsa.com/app/goods/1549042/0,블랙 폴리에스터 나일론 상의 5 남자 129000 0
215,J flora,0,누깍,https://www.musinsa.com/app/goods/2091180/0,멀티 나일론 상의 5 남자 79900 1
216,뉴비_7234750cd530,1,누깍,https://www.musinsa.com/app/goods/1315087/0,블랙 타이어튜브 가방 5 여자 119000 1
217,유수하,1,누깍,https://www.musinsa.com/app/goods/1315087/0,블랙 타이어튜브 가방 5 알수없음 119000 1
218,ruizpi,0,누깍,https://www.musinsa.com/app/goods/2288644/0,블랙 나일론 모자 5 알수없음 42000 0
219,ruizpi,0,누깍,https://www.musinsa.com/app/goods/1033848/0,네이비 폴리에스터 레이온 폴리우레탄 상의 5 알수없음 55000 0
220,ruizpi,0,누깍,https://www.musinsa.com/app/goods/1388510/0,베이지 면 폴리우레탄 하의 5 알수없음 24900 0
221,ruizpi,0,누깍,https://www.musinsa.com/app/goods/1833230/0,아이보리 폴리에스터 폴리우레탄 상의 5 알수없음 136000 0
222,ruizpi,0,누깍,https://www.musinsa.com/app/goods/2293511/0,그레이 면 상의 5 알수없음 69000 0
223,ruizpi,1,누깍,https://www.musinsa.com/app/goods/1315087/0,블랙 타이어튜브 가방 5 알수없음 119000 1
224,젼찐,1,누깍,https://www.musinsa.com/app/goods/2490892/0,멀티 광고현수막 가방 5 여자 105000 1
225,jcsa,0,누깍,https://www.musinsa.com/app/goods/1822717/0,블랙 면 모자 5 알수없음 59000 0
226,jcsa,0,누깍,https://www.musinsa.com/app/goods/1763214/0,블랙 면 상의 5 알수없음 79000 0
227,jcsa,0,누깍,https://www.musinsa.com/app/goods/1791265/0,그레이 면 상의 5 알수없음 69000 0
228,jcsa,1,누깍,https://www.musinsa.com/app/goods/1315087/0,블랙 타이어튜브 가방 5 알수없음 119000 1
229,jcsa,0,누깍,https://www.musinsa.com/app/goods/2476174/0,화이트 면 상의 5 알수없음 49000 0
230,jcsa,0,누깍,https://www.musinsa.com/app/goods/2485296/0,화이트 면 상의 5 알수없음 47000 0
231,따숩네,0,누깍,https://www.musinsa.com/app/goods/2325053/0,카키 면 폴리에스터 상의 4 남자 80000 0
232,따숩네,0,누깍,https://www.musinsa.com/app/goods/2445662/0,그린 면 상의 3 남자 49000 0
233,따숩네,0,누깍,https://www.musinsa.com/app/goods/2071399/0,기타 폴리에스터 상의 4 남자 39000 0
234,따숩네,0,누깍,https://www.musinsa.com/app/goods/2440133/0,블랙 나일론 하의 4 남자 39000 0
235,따숩네,0,누깍,https://www.musinsa.com/app/goods/1942761/0,네이비 면 상의 4 남자 45000 0
236,따숩네,0,누깍,https://www.musinsa.com/app/goods/2455851/0,블랙 면 상의 3 남자 45000 1
237,따숩네,0,누깍,https://www.musinsa.com/app/goods/2319172/0,네이비 폴리에스터 상의 4 남자 135000 1
238,따숩네,0,누깍,https://www.musinsa.com/app/goods/2337680/0,네이비 면 상의 4 남자 53200 0
239,따숩네,1,누깍,https://www.musinsa.com/app/goods/2490958/0,기타 광고현수막 파우치 4 남자 52000 0
240,따숩네,0,누깍,https://www.musinsa.com/app/goods/972072/0,카키 면 하의 4 남자 65000 0
241,따숩네,0,누깍,https://www.musinsa.com/app/goods/1886955/0,블루 면 상의 4 남자 39000 0
242,따숩네,0,누깍,https://www.musinsa.com/app/goods/1756514/0,그레이 폴리에스터 레이온 폴리우레탄 하의 4 남자 39900 0
243,따숩네,0,누깍,https://www.musinsa.com/app/goods/1975231/0,카키 면 린넨 하의 4 남자 32800 0
244,따숩네,0,누깍,https://www.musinsa.com/app/goods/1623561/0,기타 면 상의 4 남자 67000 1
245,따숩네,0,누깍,https://www.musinsa.com/app/goods/2317255/0,아이보리 면 폴라에스터 상의 4 남자 79000 0
246,따숩네,0,누깍,https://www.musinsa.com/app/goods/2353890/0,블루 면 상의 4 남자 89900 0
247,뉴비_115ccb52,1,누깍,https://www.musinsa.com/app/goods/1315087/0,블랙 타이어튜브 가방 4 알수없음 119000 1
248,요니y,0,누깍,https://www.musinsa.com/app/goods/1536609/0,블랙 면 상의 5 여자 79000 0
249,요니y,1,누깍,https://www.musinsa.com/app/goods/1315087/0,블랙 타이어튜브 가방 5 여자 119000 1
250,박소금소금소금,0,누깍,https://www.musinsa.com/app/goods/2149254/0,화이트 면 상의 5 남자 25800 0
251,박소금소금소금,1,누깍,https://www.musinsa.com/app/goods/2490923/0,멀티 광고현수막 파우치 5 남자 65000 1
252,박소금소금소금,0,누깍,https://www.musinsa.com/app/goods/2156784/0,카키 폴리에스터 상의 5 남자 86000 0
253,박소금소금소금,0,누깍,https://www.musinsa.com/app/goods/1948519/0,베이지 면 하의 5 남자 34900 0
254,박소금소금소금,0,누깍,https://www.musinsa.com/app/goods/2132235/0,블루 면 하의 5 남자 49000 0
255,박소금소금소금,0,누깍,https://www.musinsa.com/app/goods/2138614/0,블랙 폴리에스터 상의 5 남자 86900 0
256,뉴비_459a34f2,1,오버랩업사이클,https://www.musinsa.com/app/goods/1817386/0,블랙 나일론 모자 4 남자 49900 0
257,뉴비_459a34f2,0,오버랩업사이클,https://www.musinsa.com/app/goods/1706633/0,화이트 면 상의 4 남자 179000 0
258,뉴비_459a34f2,0,오버랩업사이클,https://www.musinsa.com/app/goods/858911/0,블루 면 하의 4 남자 49000 0
259,뉴비_459a34f2,0,오버랩업사이클,https://www.musinsa.com/app/goods/1698801/0,블루 면 하의 4 남자 103000 0
260,뉴비_459a34f2,0,오버랩업사이클,https://www.musinsa.com/app/goods/2087767/0,기타 폴리에스터 폴리우레탄 상의 4 남자 119000 0
261,뉴비_459a34f2,0,오버랩업사이클,https://www.musinsa.com/app/goods/1848778/0,그레이 면 폴리에스터 상의 4 남자 189000 0
262,뉴비_459a34f2,0,오버랩업사이클,https://www.musinsa.com/app/goods/1715357/0,그린 나일론 상의 4 남자 395000 0
263,뉴비_459a34f2,0,오버랩업사이클,https://www.musinsa.com/app/goods/2087980/0,멀티 폴리에스터 아크릴 폴리우레탄 상의 4 남자 173000 0
264,뉴비_459a34f2,0,오버랩업사이클,https://www.musinsa.com/app/goods/1642916/0,그레이 면 상의 4 남자 43900 0
265,뉴비_459a34f2,0,오버랩업사이클,https://www.musinsa.com/app/goods/1736085/0#top,그레이 면 폴리에스터 하의 4 남자 66800 0
266,뉴비_966f4aaf,0,오버랩업사이클,https://www.musinsa.com/app/goods/2021959/0,블랙 나일론 레더 가방 5 알수없음 178000 0
267,뉴비_966f4aaf,0,오버랩업사이클,https://www.musinsa.com/app/goods/1856181/0,블랙 폴리에스터 상의 5 알수없음 35900 0
268,뉴비_966f4aaf,0,오버랩업사이클,https://www.musinsa.com/app/goods/1884774/0,그레이 면 상의 5 알수없음 32000 1
269,뉴비_966f4aaf,1,오버랩업사이클,https://www.musinsa.com/app/goods/1817386/0,블랙 나일론 모자 5 알수없음 49900 0
270,뉴비_966f4aaf,0,오버랩업사이클,https://www.musinsa.com/app/goods/2028342/0,카키 나일론 하의 5 알수없음 41900 0
271,뉴비_966f4aaf,0,오버랩업사이클,https://www.musinsa.com/app/goods/1937084/0,베이지 나일론 하의 5 알수없음 49000 0
272,뉴비_966f4aaf,0,오버랩업사이클,https://www.musinsa.com/app/goods/1980215/0,그린 면 폴리에스터 상의 5 알수없음 49900 0
273,뉴비_966f4aaf,0,오버랩업사이클,https://www.musinsa.com/app/goods/1958904/0,블랙 폴리에스터 하의 5 알수없음 62000 0
274,뉴비_966f4aaf,0,오버랩업사이클,https://www.musinsa.com/app/goods/1771207/0,네이비 면 상의 5 알수없음 49000 0
275,뉴비_966f4aaf,0,오버랩업사이클,https://www.musinsa.com/app/goods/1744434/0,그레이 면 하의 5 알수없음 62000 1
276,뉴비_966f4aaf,0,오버랩업사이클,https://www.musinsa.com/app/goods/1436305/0,블랙 면 폴리에스터 상의 5 알수없음 39000 1
277,뉴비_966f4aaf,0,오버랩업사이클,https://www.musinsa.com/app/goods/1960203/0,화이트 면 상의 5 알수없음 45000 0
278,뉴비_966f4aaf,0,오버랩업사이클,https://www.musinsa.com/app/goods/2411266/0,화이트 면 폴리에스터 상의 5 알수없음 16900 0
279,뉴비_966f4aaf,0,오버랩업사이클,https://www.musinsa.com/app/goods/2028340/0,그레이 나일론 하의 5 알수없음 41900 0
280,뉴비_966f4aaf,0,오버랩업사이클,https://www.musinsa.com/app/goods/2361281/0,그레이 면 상의 5 알수없음 34000 0
281,뉴비_966f4aaf,0,오버랩업사이클,https://www.musinsa.com/app/goods/2081033/0,그레이 면 폴리에스터 하의 5 알수없음 65000 0
282,뉴비_966f4aaf,0,오버랩업사이클,https://www.musinsa.com/app/goods/2325055/0,카키 면 폴리에스터 상의 2 알수없음 94000 0
283,뉴비_966f4aaf,0,오버랩업사이클,https://www.musinsa.com/app/goods/1434841/0,블루 나일론 폴리에스터 하의 5 알수없음 49000 0
284,뉴비_966f4aaf,0,오버랩업사이클,https://www.musinsa.com/app/goods/917606/0,블루 면 폴리우레탄 하의 5 알수없음 129000 0
285,뉴비_966f4aaf,0,오버랩업사이클,https://www.musinsa.com/app/goods/2383384/0,블랙 나일론 폴리에스터 상의 5 알수없음 109200 0
286,뉴비_966f4aaf,0,오버랩업사이클,https://www.musinsa.com/app/goods/1173551/0,그레이 면 폴리에스터 상의 5 알수없음 32000 1
287,뉴비_966f4aaf,0,오버랩업사이클,https://www.musinsa.com/app/goods/2054067/0,기타 면 폴리에스터 폴리우레탄 하의 5 알수없음 59000 1
288,뉴비_966f4aaf,0,오버랩업사이클,https://www.musinsa.com/app/goods/2067621/0,블랙 면 상의 5 알수없음 69000 0
289,뉴비_966f4aaf,0,오버랩업사이클,https://www.musinsa.com/app/goods/1411267/0,블루 면 상의 5 알수없음 49000 0
290,뉴비_966f4aaf,0,오버랩업사이클,https://www.musinsa.com/app/goods/1364110/0,블루 면 폴리에스터 폴리우레탄 하의 5 알수없음 129000 0
291,뉴비_966f4aaf,0,오버랩업사이클,https://www.musinsa.com/app/goods/1755276/0,그레이 면 모자 5 알수없음 49000 0
292,뉴비_966f4aaf,0,오버랩업사이클,https://www.musinsa.com/app/goods/1757981/0,블랙 폴리에스터 셋업 4 알수없음 168000 1
293,뉴비_966f4aaf,0,오버랩업사이클,https://www.musinsa.com/app/goods/1589016/0,그레이 면 폴리에스터 상의 5 알수없음 65000 0
294,뉴비_966f4aaf,0,오버랩업사이클,https://www.musinsa.com/app/goods/1125370/0,블랙 None 하의 5 알수없음 65000 0
295,불꽃남자$,1,오버랩업사이클,https://www.musinsa.com/app/goods/1817386/0,블랙 나일론 모자 4 남자 49900 0
296,불꽃남자$,0,오버랩업사이클,https://www.musinsa.com/app/goods/2419896/0,멀티 폴리에스터 나일론 가방 4 남자 55000 0
297,불꽃남자$,0,오버랩업사이클,https://www.musinsa.com/app/goods/2411401/0,그레이 면 상의 5 남자 119000 0
298,불꽃남자$,0,오버랩업사이클,https://www.musinsa.com/app/goods/326946/0,멀티 면 하의 5 남자 69000 0
299,불꽃남자$,0,오버랩업사이클,https://www.musinsa.com/app/goods/2373966/0,블랙 면 하의 5 남자 289000 0
300,불꽃남자$,0,오버랩업사이클,https://www.musinsa.com/app/goods/1868812/0,블루 면 하의 4 남자 68000 0
301,불꽃남자$,0,오버랩업사이클,https://www.musinsa.com/app/goods/2065703/0,화이트 면 상의 5 남자 62000 0
302,불꽃남자$,0,오버랩업사이클,https://www.musinsa.com/app/goods/2251651/0,네이비 폴리에스터 나일론 상의 5 남자 179000 0
303,불꽃남자$,0,오버랩업사이클,https://www.musinsa.com/app/goods/1805718/0,베이지 나일론 상의 4 남자 189000 0
304,불꽃남자$,0,오버랩업사이클,https://www.musinsa.com/app/goods/1607427/0,네이비 아크릴 모자 5 남자 38000 1
305,불꽃남자$,0,오버랩업사이클,https://www.musinsa.com/app/goods/2065710/0,기타 면 상의 5 남자 62000 0
306,불꽃남자$,0,오버랩업사이클,https://www.musinsa.com/app/goods/2058175/0,그레이 면 폴리에스터 하의 5 남자 49000 0
307,불꽃남자$,0,오버랩업사이클,https://www.musinsa.com/app/goods/2058174/0,블랙 면 폴리에스터 하의 5 남자 49000 0
308,불꽃남자$,0,오버랩업사이클,https://www.musinsa.com/app/goods/1639235/0,블랙 폴리에스터 폴리우레탄 하의 5 남자 100 0
309,불꽃남자$,0,오버랩업사이클,https://www.musinsa.com/app/goods/726408/0,화이트 면 상의 5 남자 39000 0
310,불꽃남자$,0,오버랩업사이클,https://www.musinsa.com/app/goods/1644866/0,아이보리 면 상의 5 남자 50000 1
311,제티200,0,오버랩업사이클,https://www.musinsa.com/app/goods/1531521/0,멀티 폴리에스터 레이온 상의 5 남자 129000 1
312,제티200,0,오버랩업사이클,https://www.musinsa.com/app/goods/2414075/0,그레이 면 폴리에스터 하의 5 남자 54800 0
313,제티200,0,오버랩업사이클,https://www.musinsa.com/app/goods/2442005/0,기타 면 상의 5 남자 99000 1
314,제티200,0,오버랩업사이클,https://www.musinsa.com/app/goods/2333667/0,그레이 면 상의 5 남자 63000 0
315,제티200,0,오버랩업사이클,https://www.musinsa.com/app/goods/2343819/0,멀티 면 하의 5 남자 79000 0
316,제티200,0,오버랩업사이클,https://www.musinsa.com/app/goods/2445758/0,블루 면 상의 5 남자 59700 0
317,제티200,0,오버랩업사이클,https://www.musinsa.com/app/goods/2109265/0,멀티 None 상의 5 남자 44000 1
318,제티200,0,오버랩업사이클,https://www.musinsa.com/app/goods/1078962/0,기타 면 상의 5 남자 69000 1
319,제티200,0,오버랩업사이클,https://www.musinsa.com/app/goods/1950025/0,멀티 면 폴리에스터 하의 5 남자 33000 1
320,제티200,0,오버랩업사이클,https://www.musinsa.com/app/goods/2111579/0,그린 면 모자 5 남자 32500 0
321,제티200,0,오버랩업사이클,https://www.musinsa.com/app/goods/2400102/0,기타 면 상의 5 남자 27500 0
322,제티200,0,오버랩업사이클,https://www.musinsa.com/app/goods/2398385/0,그레이 면 상의 5 남자 45000 0
323,제티200,0,오버랩업사이클,https://www.musinsa.com/app/goods/2466679/0,네이비 면 상의 5 남자 45000 1
324,제티200,0,오버랩업사이클,https://www.musinsa.com/app/goods/1657531/0,블랙 나일론 모자 5 남자 39000 0
325,제티200,1,오버랩업사이클,https://www.musinsa.com/app/goods/1817386/0,기타 나일론 모자 5 남자 49900 0
326,제티200,0,오버랩업사이클,https://www.musinsa.com/app/goods/1808078/0,블랙 면 상의 5 남자 75000 0
327,제티200,0,오버랩업사이클,https://www.musinsa.com/app/goods/1778022/0,기타 면 폴리에스터 상의 5 남자 72000 1
328,제티200,0,오버랩업사이클,https://www.musinsa.com/app/goods/1513879/0,멀티 None 하의 5 남자 58000 1
329,제티200,0,오버랩업사이클,https://www.musinsa.com/app/goods/1901080/0,멀티 면 하의 5 남자 89000 1
330,제티200,0,오버랩업사이클,https://www.musinsa.com/app/goods/2292314/0,기타 면 레이온 셋업 5 남자 78000 0
331,제티200,0,오버랩업사이클,https://www.musinsa.com/app/goods/2202969/0,카키 면 하의 5 남자 49900 0
332,제티200,0,오버랩업사이클,https://www.musinsa.com/app/goods/2071204/0,네이비 면 상의 5 남자 34900 0
333,제티200,0,오버랩업사이클,https://www.musinsa.com/app/goods/2123347/0,베이지 면 나일론 폴리에스터 상의 5 남자 229000 0
334,제티200,0,오버랩업사이클,https://www.musinsa.com/app/goods/2211144/0,블루 면 하의 5 남자 62000 0
335,제티200,0,오버랩업사이클,https://www.musinsa.com/app/goods/1635289/0,블랙 면 나일론 상의 5 남자 119000 0
336,제티200,0,오버랩업사이클,https://www.musinsa.com/app/goods/2164531/0,네이비 울 나일론 상의 5 남자 299000 0
337,제티200,0,오버랩업사이클,https://www.musinsa.com/app/goods/2248724/0,기타 면 모자 5 남자 35000 0
338,제티200,0,오버랩업사이클,https://www.musinsa.com/app/goods/1611949/0,베이지 울 폴리에스터 상의 5 남자 163000 0
339,실버_329908ea1a0e,1,오버랩업사이클,https://www.musinsa.com/app/goods/1817386/0,기타 나일론 모자 5 남자 49900 0
340,실버_329908ea1a0e,0,오버랩업사이클,https://www.musinsa.com/app/goods/2338120/0,블랙 None 상의 5 남자 45500 0
341,실버_329908ea1a0e,0,오버랩업사이클,https://www.musinsa.com/app/goods/2388174/0,그린 면 상의 5 남자 79000 0
342,실버_329908ea1a0e,0,오버랩업사이클,https://www.musinsa.com/app/goods/1673431/0,베이지 면 상의 5 남자 89000 0
343,실버_329908ea1a0e,0,오버랩업사이클,https://www.musinsa.com/app/goods/1817961/0,그레이 면 하의 5 남자 28900 0
344,OVAPAYA,1,오버랩업사이클,https://www.musinsa.com/app/goods/1817386/0,블랙 나일론 모자 5 남자 49900 0
345,OVAPAYA,0,오버랩업사이클,https://www.musinsa.com/app/goods/1146481/0,블랙 폴리에스터 캐시미어 울 상의 5 남자 139000 0
346,OVAPAYA,0,오버랩업사이클,https://www.musinsa.com/app/goods/2204317/0,블랙 면 폴리에스터 상의 3 남자 228000 0
347,OVAPAYA,0,오버랩업사이클,https://www.musinsa.com/app/goods/1168906/0,블랙 폴리에스터 레이온 폴리우레탄 하의 5 남자 32900 0
348,OVAPAYA,0,오버랩업사이클,https://www.musinsa.com/app/goods/2099731/0,그린 아크릴 상의 5 남자 69000 1
349,아네하마,0,오버랩업사이클,https://www.musinsa.com/app/goods/1965280/0,블랙 면 하의 5 알수없음 31900 0
350,아네하마,0,오버랩업사이클,https://www.musinsa.com/app/goods/1965282/0,베이지 면 하의 5 알수없음 31900 0
351,아네하마,0,오버랩업사이클,https://www.musinsa.com/app/goods/2245211/0,블루 면 폴리에스터 폴리우레탄 상의 5 알수없음 28900 0
352,아네하마,0,오버랩업사이클,https://www.musinsa.com/app/goods/2245212/0,그레이 면 폴리에스터 폴리우레탄 상의 5 알수없음 28900 0
353,아네하마,0,오버랩업사이클,https://www.musinsa.com/app/goods/1965283/0,기타 면 하의 5 알수없음 31900 0
354,아네하마,0,오버랩업사이클,https://www.musinsa.com/app/goods/1932696/0,기타 면 상의 5 알수없음 51000 0
355,아네하마,0,오버랩업사이클,https://www.musinsa.com/app/goods/1771137/0,베이지 면 모자 5 알수없음 29000 0
356,아네하마,0,오버랩업사이클,https://www.musinsa.com/app/goods/2399996/0,카키 면 폴리우레탄 하의 5 알수없음 69000 0
357,아네하마,0,오버랩업사이클,https://www.musinsa.com/app/goods/2347189/0,베이지 면 폴리에스터 하의 5 알수없음 79000 0
358,아네하마,0,오버랩업사이클,https://www.musinsa.com/app/goods/1343015/0,카키 나일론 모자 5 알수없음 29000 0
359,아네하마,0,오버랩업사이클,https://www.musinsa.com/app/goods/2414200/0,카키 폴리에스터 나일론 상의 5 알수없음 138000 0
360,아네하마,0,오버랩업사이클,https://www.musinsa.com/app/goods/1174439/0,블랙 폴리에스터 레이온 폴리우레탄 하의 5 알수없음 29900 0
361,아네하마,0,오버랩업사이클,https://www.musinsa.com/app/goods/1563623/0,네이비 면 상의 5 알수없음 59000 0
362,아네하마,0,오버랩업사이클,https://www.musinsa.com/app/goods/855195/0,블랙 면 상의 5 알수없음 49000 0
363,아네하마,1,오버랩업사이클,https://www.musinsa.com/app/goods/1817386/0,네이비 나일론 모자 5 알수없음 49900 0
364,아네하마,1,오버랩업사이클,https://www.musinsa.com/app/goods/1817386/0,블랙 나일론 모자 5 알수없음 49900 0
365,아네하마,0,오버랩업사이클,https://www.musinsa.com/app/goods/1544396/0,블랙 나일론 모자 5 알수없음 39000 0
366,아네하마,0,오버랩업사이클,https://www.musinsa.com/app/goods/942911/0,카키 면 상의 4 알수없음 87400 0
367,아네하마,0,오버랩업사이클,https://www.musinsa.com/app/goods/2332835/0,베이지 면 하의 5 알수없음 38900 0
368,아네하마,0,오버랩업사이클,https://www.musinsa.com/app/goods/2163309/0,블루 면 상의 5 알수없음 30900 0
369,아네하마,0,오버랩업사이클,https://www.musinsa.com/app/goods/1382610/0,화이트 면 상의 5 알수없음 14900 0
370,아네하마,0,오버랩업사이클,https://www.musinsa.com/app/goods/2376412/0,그레이 면 하의 5 알수없음 68000 0
371,아네하마,0,오버랩업사이클,https://www.musinsa.com/app/goods/1192043/0,카키 면 하의 4 알수없음 64000 0
372,아네하마,0,오버랩업사이클,https://www.musinsa.com/app/goods/858911/0,블루 면 하의 5 알수없음 49000 0
373,차차심쿵,1,오버랩업사이클,https://www.musinsa.com/app/goods/1817386/0,기타 나일론 모자 4 남자 49900 0
374,지팡이야,1,오버랩업사이클,https://www.musinsa.com/app/goods/1817386/0,블랙 나일론 모자 5 여자 49900 0
375,지팡이야,0,오버랩업사이클,https://www.musinsa.com/app/goods/1912440/0,블랙 폴리에스터 가방 5 여자 55000 0
376,지팡이야,0,오버랩업사이클,https://www.musinsa.com/app/goods/2442493/0,블랙 면 상의 5 여자 25900 0
377,지팡이야,0,오버랩업사이클,https://www.musinsa.com/app/goods/2115622/0,블랙 면 하의 5 여자 78000 1
378,지팡이야,0,오버랩업사이클,https://www.musinsa.com/app/goods/1999288/0,블랙 폴리에스터 폴리우레탄 상의 5 여자 31000 1
379,렛츠부기,1,오버랩업사이클,https://www.musinsa.com/app/goods/1817386/0,블랙 나일론 모자 5 남자 49900 0
380,렛츠부기,0,오버랩업사이클,https://www.musinsa.com/app/goods/2411325/0,네이비 면 하의 5 남자 129000 0
381,렛츠부기,0,오버랩업사이클,https://www.musinsa.com/app/goods/2038491/0,그레이 면 폴리우레탄 상의 5 남자 45000 0
382,참치왕,1,오버랩업사이클,https://www.musinsa.com/app/goods/1817386/0,블랙 나일론 모자 2 남자 49900 0
383,bon05,0,오버랩업사이클,https://www.musinsa.com/app/goods/1334175/0,블랙 폴리에스터 상의 5 남자 76000 0
384,bon05,1,오버랩업사이클,https://www.musinsa.com/app/goods/1817386/0,블랙 나일론 모자 5 남자 49900 0
385,bon05,0,오버랩업사이클,https://www.musinsa.com/app/goods/1096339/0,그레이 면 상의 5 남자 35000 0
386,bon05,0,오버랩업사이클,https://www.musinsa.com/app/goods/1106350/0,블랙 면 상의 5 남자 45000 0
387,bon05,0,오버랩업사이클,https://www.musinsa.com/app/goods/1641382/0,그린 면 나일론 상의 5 남자 189000 0
388,bon05,0,오버랩업사이클,https://www.musinsa.com/app/goods/1328454/0,기타 면 상의 5 남자 86400 0
389,bon05,0,오버랩업사이클,https://www.musinsa.com/app/goods/1212777/0,그레이 면 하의 5 남자 25900 0
390,koo,1,오버랩업사이클,https://www.musinsa.com/app/goods/1817386/0,기타 나일론 모자 5 남자 49900 0
391,koo,1,오버랩업사이클,https://www.musinsa.com/app/goods/1817386/0,네이비 나일론 모자 5 남자 49900 0
392,koo,1,오버랩업사이클,https://www.musinsa.com/app/goods/1817386/0,블랙 나일론 모자 5 남자 49900 0
393,ZZOOst,0,오버랩업사이클,https://www.musinsa.com/app/goods/2318471/0,그린 면 상의 5 남자 79000 0
394,ZZOOst,0,오버랩업사이클,https://www.musinsa.com/app/goods/1940672/0,블루 면 상의 4 남자 149000 0
395,ZZOOst,0,오버랩업사이클,https://www.musinsa.com/app/goods/2117849/0,그레이 면 상의 5 남자 79000 0
396,ZZOOst,0,오버랩업사이클,https://www.musinsa.com/app/goods/2117847/0,블랙 면 상의 5 남자 79000 0
397,ZZOOst,0,오버랩업사이클,https://www.musinsa.com/app/goods/1939479/0,카키 면 나일론 상의 5 남자 149000 0
398,ZZOOst,0,오버랩업사이클,https://www.musinsa.com/app/goods/2117848/0,블루 면 상의 5 남자 79000 0
399,ZZOOst,0,오버랩업사이클,https://www.musinsa.com/app/goods/1612017/0,블랙 None 상의 4 남자 112000 0
400,ZZOOst,1,오버랩업사이클,https://www.musinsa.com/app/goods/1817386/0,블랙 나일론 모자 4 남자 49900 0
401,세브췐코,0,오버랩업사이클,https://www.musinsa.com/app/goods/2486266/0,카키 나일론 모자 5 남자 47000 0
402,세브췐코,0,오버랩업사이클,https://www.musinsa.com/app/goods/1006281/0,카키 면 하의 5 남자 70100 0
403,세브췐코,0,오버랩업사이클,https://www.musinsa.com/app/goods/1841216/0,네이비 폴리에스터 레이온 폴리우레탄 하의 5 남자 89000 0
404,세브췐코,0,오버랩업사이클,https://www.musinsa.com/app/goods/1884480/0,블루 면 나일론 하의 5 남자 51800 0
405,세브췐코,0,오버랩업사이클,https://www.musinsa.com/app/goods/1077033/0,그레이 면 상의 5 남자 29000 0
406,세브췐코,0,오버랩업사이클,https://www.musinsa.com/app/goods/967473/0,그린 면 상의 5 남자 29000 0
407,세브췐코,0,오버랩업사이클,https://www.musinsa.com/app/goods/2131919/0,베이지 나일론 모자 5 남자 47000 0
408,세브췐코,0,오버랩업사이클,https://www.musinsa.com/app/goods/1609490/0,블랙 울 상의 2 남자 173000 0
409,세브췐코,1,오버랩업사이클,https://www.musinsa.com/app/goods/1817386/0,블랙 나일론 모자 5 남자 49900 0
410,dailylooked,0,오버랩업사이클,https://www.musinsa.com/app/goods/1551840/0,그레이 면 폴리에스터 하의 5 남자 39000 0
411,dailylooked,0,오버랩업사이클,https://www.musinsa.com/app/goods/1453869/0,블랙 면 하의 5 남자 89000 0
412,dailylooked,0,오버랩업사이클,https://www.musinsa.com/app/goods/2091586/0,카키 None 모자 5 남자 49000 0
413,dailylooked,0,오버랩업사이클,https://www.musinsa.com/app/goods/1563722/0,그레이 폴리에스터 상의 5 남자 49900 0
414,dailylooked,0,오버랩업사이클,https://www.musinsa.com/app/goods/1563745/0,그레이 폴리에스터 하의 5 남자 59900 0
415,dailylooked,0,오버랩업사이클,https://www.musinsa.com/app/goods/2050675/0,블랙 아크릴 상의 5 남자 119000 1
416,dailylooked,0,오버랩업사이클,https://www.musinsa.com/app/goods/2123132/0,블랙 면 모자 5 남자 39000 0
417,dailylooked,0,오버랩업사이클,https://www.musinsa.com/app/goods/1946022/0,블루 면 하의 5 남자 69000 0
418,dailylooked,0,오버랩업사이클,https://www.musinsa.com/app/goods/1206059/0,블랙 면 상의 5 남자 63000 1
419,dailylooked,0,오버랩업사이클,https://www.musinsa.com/app/goods/2121776/0,블랙 면 폴리에스터 하의 5 남자 69000 0
420,dailylooked,0,오버랩업사이클,https://www.musinsa.com/app/goods/2065064/0,그레이 None 하의 5 남자 75000 0
421,dailylooked,0,오버랩업사이클,https://www.musinsa.com/app/goods/2199119/0,기타 폴리에스터 폴리우레탄 가방 5 남자 88000 0
422,dailylooked,0,오버랩업사이클,https://www.musinsa.com/app/goods/1119748/0,멀티 면 상의 5 남자 106000 1
423,dailylooked,0,오버랩업사이클,https://www.musinsa.com/app/goods/59336/0,그레이 None 상의 5 남자 78000 0
424,dailylooked,0,오버랩업사이클,https://www.musinsa.com/app/goods/1823285/0,블랙 폴리에스터 상의 5 남자 64000 0
425,dailylooked,0,오버랩업사이클,https://www.musinsa.com/app/goods/175520/0,네이비 면 가방 5 남자 73000 1
426,dailylooked,0,오버랩업사이클,https://www.musinsa.com/app/goods/1638123/0,블랙 None 하의 5 남자 69000 0
427,dailylooked,0,오버랩업사이클,https://www.musinsa.com/app/goods/2010025/0,블루 면 모자 5 남자 32000 0
428,dailylooked,0,오버랩업사이클,https://www.musinsa.com/app/goods/1643261/0,멀티 면 하의 5 남자 89000 1
429,dailylooked,0,오버랩업사이클,https://www.musinsa.com/app/goods/1641377/0,그린 면 나일론 상의 5 남자 138000 0
430,dailylooked,0,오버랩업사이클,https://www.musinsa.com/app/goods/1237212/0,그레이 폴리에스터 모자 5 남자 27000 0
431,dailylooked,0,오버랩업사이클,https://www.musinsa.com/app/goods/1608712/0,블랙 나일론 모자 5 남자 39000 0
432,dailylooked,0,오버랩업사이클,https://www.musinsa.com/app/goods/1798182/0,멀티 나일론 하의 5 남자 85000 1
433,dailylooked,1,오버랩업사이클,https://www.musinsa.com/app/goods/1817386/0,기타 나일론 모자 5 남자 49900 0
434,dailylooked,1,오버랩업사이클,https://www.musinsa.com/app/goods/1817410/0,기타 나일론 가방 5 남자 67900 0
435,dailylooked,0,오버랩업사이클,https://www.musinsa.com/app/goods/1465631/0,멀티 면 나일론 폴리에스터 가방 5 남자 89000 1
436,dailylooked,0,오버랩업사이클,https://www.musinsa.com/app/goods/2150030/0,멀티 타포린 가방 5 남자 26000 1
437,Yellowstone,1,카네이테이,https://www.musinsa.com/app/goods/1061895/0#top,카키 폴리에스터 파우치 4 알수없음 99000 0
438,뉴비_3dc706f3,0,카네이테이,https://www.musinsa.com/app/goods/2411265/0,블랙 면 폴리에스터 상의 5 남자 16900 0
439,뉴비_3dc706f3,0,카네이테이,https://www.musinsa.com/app/goods/2122563/0,화이트 면 상의 5 남자 21800 0
440,뉴비_3dc706f3,0,카네이테이,https://www.musinsa.com/app/goods/1841337/0,화이트 면 상의 5 남자 17900 0
441,뉴비_3dc706f3,1,카네이테이,https://www.musinsa.com/app/goods/1802529/0,카키 타포린 가방 5 남자 239000 0
442,뉴비_80a1edfef31c,1,카네이테이,https://www.musinsa.com/app/goods/1059268/0,카키 폴리에스터 가방 5 알수없음 139000 0
443,물떠온나,0,카네이테이,https://www.musinsa.com/app/goods/2287377/0,네이비 면 하의 5 남자 62000 0
444,물떠온나,0,카네이테이,https://www.musinsa.com/app/goods/1349361/0,멀티 면 가방 5 남자 139000 1
445,물떠온나,0,카네이테이,https://www.musinsa.com/app/goods/1846166/0,네이비 면 상의 5 남자 69000 0
446,물떠온나,0,카네이테이,https://www.musinsa.com/app/goods/971809/0,그레이 면 상의 5 남자 89000 0
447,물떠온나,0,카네이테이,https://www.musinsa.com/app/goods/2287425/0,네이비 면 상의 5 남자 74000 0
448,물떠온나,1,카네이테이,https://www.musinsa.com/app/goods/1781814/0,그린 타포린 가방 5 남자 169000 0
449,물떠온나,0,카네이테이,https://www.musinsa.com/app/goods/1710117/0,블랙 None 모자 5 남자 37000 0
450,물떠온나,0,카네이테이,https://www.musinsa.com/app/goods/2149924/0,기타 레더 상의 4 남자 161000 0
451,물떠온나,0,카네이테이,https://www.musinsa.com/app/goods/2164205/0,베이지 면 하의 5 남자 68000 0
452,K.Hobum,0,카네이테이,https://www.musinsa.com/app/goods/1335132/0,네이비 면 모자 5 남자 29000 0
453,K.Hobum,0,카네이테이,https://www.musinsa.com/app/goods/1999918/0,블랙 나일론 가방 5 남자 68000 0
454,K.Hobum,0,카네이테이,https://www.musinsa.com/app/goods/1034479/0,블랙 None 가방 5 남자 130000 0
455,K.Hobum,1,카네이테이,https://www.musinsa.com/app/goods/1061861/0,카키 폴리에스터 파우치 5 남자 65000 0
456,천재영호,0,카네이테이,https://www.musinsa.com/app/goods/1487679/0,화이트 면 상의 5 알수없음 36000 0
457,천재영호,1,카네이테이,https://www.musinsa.com/app/goods/1781881/0,카키 타포린 가방 5 알수없음 155000 0
458,crazn,1,카네이테이,https://www.musinsa.com/app/goods/1059268/0,카키 폴리에스터 가방 5 남자 139000 0
459,crazn,1,카네이테이,https://www.musinsa.com/app/goods/2229142/0,블랙 폴리에스터 가방 5 남자 289000 0
460,crazn,0,카네이테이,https://www.musinsa.com/app/goods/2063430/0,블랙 나일론 모자 5 남자 69000 0
461,crazn,0,카네이테이,https://www.musinsa.com/app/goods/1890327/0,화이트 면 상의 5 남자 30000 0
462,crazn,0,카네이테이,https://www.musinsa.com/app/goods/1769278/0,블랙 폴리에스터 폴리우레탄 상의 5 남자 219000 0
463,crazn,0,카네이테이,https://www.musinsa.com/app/goods/1928131/0,블랙 면 상의 5 남자 39000 1
464,crazn,0,카네이테이,https://www.musinsa.com/app/goods/1883708/0,블랙 면 하의 5 남자 65000 0
465,crazn,0,카네이테이,https://www.musinsa.com/app/goods/1894539/0,화이트 면 폴리에스터 상의 5 남자 39000 1
466,crazn,0,카네이테이,https://www.musinsa.com/app/goods/2091600/0,그린 면 하의 5 남자 89000 1
467,crazn,0,카네이테이,https://www.musinsa.com/app/goods/1883706/0,블랙 면 하의 5 남자 89000 1
468,쒜끼루,1,큐클리프,https://www.musinsa.com/app/goods/2551164/0,멀티 톤백 가방 5 남자 29000 1
469,쒜끼루,0,큐클리프,https://www.musinsa.com/app/goods/2179079/0,그레이 면 상의 5 남자 109000 0
470,쒜끼루,0,큐클리프,https://www.musinsa.com/app/goods/1139101/0,아이보리 울 아크릴 나일론 상의 3 남자 89900 0
471,이리요미,1,큐클리프,https://www.musinsa.com/app/goods/2234652/0,아이보리 리사이클폴리에스터 가방 3 여자 54000 0
472,이리요미,0,큐클리프,https://www.musinsa.com/app/goods/2192086/0,블랙 아크릴 울 나일론 모자 5 여자 29000 0
473,이리요미,0,큐클리프,https://www.musinsa.com/app/goods/2163396/0 ,블랙 면 폴리에스터 상의 5 여자 59000 0
474,옷사는라이언,1,큐클리프,https://www.musinsa.com/app/goods/2253878/0 ,네이비 리사이클폴리에스터 가방 5 남자 65000 0
475,옷사는라이언,0,큐클리프,https://www.musinsa.com/app/goods/2044143/0,베이지 면 하의 5 남자 69000 0
476,옷사는라이언,0,큐클리프,https://www.musinsa.com/app/goods/2108829/0,그린 면 상의 5 남자 69000 0
477,옷사는라이언,0,큐클리프,https://www.musinsa.com/app/goods/2147111/0,블랙 폴리에스터 폴리우레탄 상의 5 남자 44000 0
478,친절함,1,큐클리프,https://www.musinsa.com/app/goods/1992622,멀티 톤백 가방 5 남자 75000 1
479,친절함,0,큐클리프,https://www.musinsa.com/app/goods/1864247/0,블랙 아크릴 면 나일론 상의 5 남자 29900 0
480,친절함,0,큐클리프,https://www.musinsa.com/app/goods/2319944/0,블랙 면 하의 5 남자 99000 0
481,항정살보단가브리살,1,큐클리프,https://www.musinsa.com/app/goods/2086808,블랙 리사이클폴리에스터 가방 5 남자 35000 0
482,항정살보단가브리살,0,큐클리프,https://www.musinsa.com/app/goods/1189263/0,베이지 면 모자 5 남자 43000 0
483,항정살보단가브리살,0,큐클리프,https://www.musinsa.com/app/goods/572855/0,블랙 면 하의 5 남자 24900 0
484,항정살보단가브리살,0,큐클리프,https://www.musinsa.com/app/goods/1144989/0,화이트 면 상의 5 남자 13900 0
485,항정살보단가브리살,0,큐클리프,https://www.musinsa.com/app/goods/572859/0,기타 면 하의 5 남자 24900 0
486,항정살보단가브리살,0,큐클리프,https://www.musinsa.com/app/goods/1129745/0,블랙 면 상의 5 남자 13900 0
487,항정살보단가브리살,0,큐클리프,https://www.musinsa.com/app/goods/2207734/0,화이트 폴리에스터 모자 5 남자 49000 0
488,욜랑꾸꾸,1,큐클리프,https://www.musinsa.com/app/goods/2086818/0,카키 리사이클폴리에스터 가방 5 여자 35000 0
489,욜랑꾸꾸,0,큐클리프,https://www.musinsa.com/app/goods/1526187/0,블랙 폴리에스터 하의 5 여자 29000 0
490,욜랑꾸꾸,0,큐클리프,https://www.musinsa.com/app/goods/2448807/0,화이트 면 폴리우레탄 상의 5 여자 45000 0
491,욜랑꾸꾸,0,큐클리프,https://www.musinsa.com/app/goods/1126297/0,화이트 면 상의 5 여자 49000 0
492,욜랑꾸꾸,0,큐클리프,https://www.musinsa.com/app/goods/1618312/0,블랙 폴리에스터 레이온 폴리우레탄 상의 5 여자 71900 0
493,욜랑꾸꾸,0,큐클리프,https://www.musinsa.com/app/goods/937529/0,블랙 폴리에스터 가방 5 여자 18900 0
494,욜랑꾸꾸,0,큐클리프,https://www.musinsa.com/app/goods/2395450/0,베이지 나일론 가방 5 여자 74500 0
495,욜랑꾸꾸,0,큐클리프,https://www.musinsa.com/app/goods/1974961/0,블랙 폴리에스터 하의 5 여자 37000 0
496,욜랑꾸꾸,0,큐클리프,https://www.musinsa.com/app/goods/1629101/0,화이트 면 상의 5 여자 15900 0
497,욜랑꾸꾸,0,큐클리프,https://www.musinsa.com/app/goods/1885463/0,베이지 레이온 상의 5 여자 16900 0
498,욜랑꾸꾸,0,큐클리프,https://www.musinsa.com/app/goods/2091212/0,블랙 레더 상의 5 여자 89900 0
499,욜랑꾸꾸,0,큐클리프,https://www.musinsa.com/app/goods/2081966/0,그레이 면 상의 5 여자 79000 0
500,욜랑꾸꾸,0,큐클리프,https://www.musinsa.com/app/goods/2085257/0,블루 면 상의 5 여자 34900 1
501,욜랑꾸꾸,0,큐클리프,https://www.musinsa.com/app/goods/1389479/0,블랙 폴리에스터 레이온 폴리우레탄 하의 5 여자 40000 0
502,욜랑꾸꾸,0,큐클리프,https://www.musinsa.com/app/goods/2142512/0,기타 폴리에스터 폴리우레탄 하의 5 여자 31000 0
503,Yop2,1,플리츠마마,https://www.musinsa.com/app/goods/1686958/0,블랙 리사이클폴리에스터 리사이클스판덱스 가방 5 여자 39000 0
504,Yop2,1,플리츠마마,https://www.musinsa.com/app/goods/2293835/0,기타 리사이클폴리에스터 리사이클스판덱스 가방 5 여자 39000 0
505,Yop2,0,플리츠마마,https://www.musinsa.com/app/goods/1239615/0,그레이 폴리에스터 레이온 폴리우레탄 하의 5 여자 32900 0
506,Yop2,0,플리츠마마,https://www.musinsa.com/app/goods/1190268/0,블랙 면 폴리에스터 폴리우레탄 상의 5 여자 19900 0
507,Yop2,0,플리츠마마,https://www.musinsa.com/app/goods/1108007/0,블랙 폴리에스터 레이온 폴리우레탄 상의 5 여자 70900 0
508,Yop2,0,플리츠마마,https://www.musinsa.com/app/goods/2324896/0,블루 레더 가방 4 여자 82000 0
509,Yop2,0,플리츠마마,https://www.musinsa.com/app/goods/1919032/0,기타 레더 가방 5 여자 44000 0
510,Yop2,0,플리츠마마,https://www.musinsa.com/app/goods/2408672/0,기타 면 상의 5 여자 62000 0
511,Yop2,0,플리츠마마,https://www.musinsa.com/app/goods/2312608/0,블루 면 하의 5 여자 89000 0
512,Yop2,0,플리츠마마,https://www.musinsa.com/app/goods/2325056/0,블랙 면 상의 5 여자 94000 0
513,Yop2,0,플리츠마마,https://www.musinsa.com/app/goods/2312706/0,블루 면 하의 5 여자 89000 0
514,Yop2,0,플리츠마마,https://www.musinsa.com/app/goods/1446291/0,화이트 면 폴리에스터 폴리우레탄 상의 5 여자 18900 0
515,Yop2,0,플리츠마마,https://www.musinsa.com/app/goods/1190264/0,화이트 면 폴리에스터 폴리우레탄 상의 4 여자 19900 0
516,Yop2,0,플리츠마마,https://www.musinsa.com/app/goods/2325055/0,카키 면 상의 3 여자 94000 0
517,Yop2,0,플리츠마마,https://www.musinsa.com/app/goods/2172593/0,화이트 리사이클폴리에스터 폴리우레탄 가방 5 여자 79800 0
518,Yop2,0,플리츠마마,https://www.musinsa.com/app/goods/1566395/0,그레이 나일론 가방 5 여자 179000 0
519,Yop2,0,플리츠마마,https://www.musinsa.com/app/goods/2313880/0,블랙 레더 가방 5 여자 139000 0
520,SSSIZZZ,1,플리츠마마,https://www.musinsa.com/app/goods/2293526/0,그린 리사이클폴리에스터 리사이클스판덱스 가방 5 남자 33000 0
521,SSSIZZZ,0,플리츠마마,https://www.musinsa.com/app/goods/1926108/0#top,그레이 면 린넨 상의 4 남자 43000 0
522,SSSIZZZ,0,플리츠마마,https://www.musinsa.com/app/goods/2481183/0#top,블루 면 폴리에스터 하의 5 남자 39000 0
523,SSSIZZZ,0,플리츠마마,https://www.musinsa.com/app/goods/2091401/0,화이트 면 상의 5 남자 12000 0
524,SSSIZZZ,0,플리츠마마,https://www.musinsa.com/app/goods/2390729/0,블랙 면 상의 5 남자 23900 1
525,SSSIZZZ,0,플리츠마마,https://www.musinsa.com/app/goods/1190264/0,화이트 면 폴리에스터 폴리우레탄 상의 5 남자 19900 0
526,SSSIZZZ,0,플리츠마마,https://www.musinsa.com/app/goods/1903778/0,그레이 면 레이온 상의 4 남자 49000 0
527,SSSIZZZ,0,플리츠마마,https://www.musinsa.com/app/goods/1999463/0#top,그린 면 상의 5 남자 44000 1
528,SSSIZZZ,0,플리츠마마,https://www.musinsa.com/app/goods/2092772/0,블랙 폴리에스터 레이온 상의 5 남자 169000 0
529,SSSIZZZ,0,플리츠마마,https://www.musinsa.com/app/goods/2031198/0,블랙 타이벡 가방 5 남자 118000 0
530,SSSIZZZ,0,플리츠마마,https://www.musinsa.com/app/goods/2054086/0,블랙 None 가방 5 남자 59900 0
531,SSSIZZZ,0,플리츠마마,https://www.musinsa.com/app/goods/2098140/0,그린 아크릴 폴리에스터 울 나일론 폴리우레탄 상의 5 남자 72000 0
532,SSSIZZZ,0,플리츠마마,https://www.musinsa.com/app/goods/2296926/0,블루 면 하의 5 남자 139000 0
533,SSSIZZZ,0,플리츠마마,https://www.musinsa.com/app/goods/2212984/0,아이보리 면 하의 5 남자 69000 0
534,스스스다,1,플리츠마마,https://www.musinsa.com/app/goods/2293530/0,그린 리사이클폴리에스터 리사이클스판덱스 파우치 5 여자 49000 0
535,스스스다,0,플리츠마마,https://www.musinsa.com/app/goods/2404189/0,블랙 폴리에스터 폴리우레탄 하의 5 여자 69000 0
536,스스스다,0,플리츠마마,https://www.musinsa.com/app/goods/1907733/0,블랙 면 모자 5 여자 39000 0
537,스스스다,0,플리츠마마,https://www.musinsa.com/app/goods/1631393/0#top,기타 폴리에스터 레이온 울 폴리우레탄 상의 3 여자 219000 0
538,스스스다,0,플리츠마마,https://www.musinsa.com/app/goods/1829194/0,기타 레이온 폴리에스터 셋업 5 여자 79000 1
539,스스스다,0,플리츠마마,https://www.musinsa.com/app/goods/1594181/0,멀티 폴리에스터 폴리우레탄 셋업 4 여자 198000 0
540,스스스다,0,플리츠마마,https://www.musinsa.com/app/goods/1614185/0,블랙 폴리에스터 셋업 4 여자 198000 0
541,jjihea,0,플리츠마마,https://www.musinsa.com/app/goods/1549286/0,기타 면 상의 5 여자 75000 1
542,jjihea,1,플리츠마마,https://www.musinsa.com/app/goods/2293809/0,기타 리사이클폴리에스터 리사이클스판덱스 가방 5 여자 97000 1
543,jjihea,0,플리츠마마,https://www.musinsa.com/app/goods/1828100/0,그레이 면 상의 5 여자 59000 0
544,장단춘,1,플리츠마마,https://www.musinsa.com/app/goods/2293901/0,블루 리사이클폴리에스터 가방 5 알수없음 58000 1
545,장단춘,0,플리츠마마,https://www.musinsa.com/app/goods/1779198/0,블랙 면 하의 4 알수없음 75000 1
546,장단춘,0,플리츠마마,https://www.musinsa.com/app/goods/2053753/0,블랙 면 모자 5 알수없음 42000 0
547,장단춘,0,플리츠마마,https://www.musinsa.com/app/goods/2029419/0,블랙 레더 상의 5 알수없음 129000 0
548,장단춘,0,플리츠마마,https://www.musinsa.com/app/goods/2141686/0,블루 면 상의 5 알수없음 89000 1
549,장단춘,0,플리츠마마,https://www.musinsa.com/app/goods/1926048/0,그레이 면 폴리에스터 하의 5 알수없음 32000 0
550,장단춘,0,플리츠마마,https://www.musinsa.com/app/goods/2340412/0,화이트 면 하의 4 알수없음 89000 0
551,뉴비_bc2dc991,0,플리츠마마,https://www.musinsa.com/app/goods/1841764/0#top,화이트 면 상의 5 알수없음 39000 0
552,뉴비_bc2dc991,1,플리츠마마,https://www.musinsa.com/app/goods/2293820/0,그린 리사이클폴리에스터 리사이클스판덱스 가방 5 알수없음 69000 1
553,뉴비_c9c58492,1,플리츠마마,https://www.musinsa.com/app/goods/2041227/0,기타 리사이클폴리에스터 리사이클스판덱스 가방 5 여자 59000 1
554,Lani0113,1,플리츠마마,https://www.musinsa.com/app/goods/1686956/0,기타 폴리에스터 폴리우레탄 가방 5 여자 39000 0
555,Lani0113,0,플리츠마마,https://www.musinsa.com/app/goods/1371011/0,화이트 면 상의 4 여자 19000 0
556,Lani0113,0,플리츠마마,https://www.musinsa.com/app/goods/1565920/0,그레이 면 상의 5 여자 33900 0
557,Lani0113,0,플리츠마마,https://www.musinsa.com/app/goods/876552/0,블랙 면 상의 5 여자 38000 0
558,뉴비_c777c9e2,1,플리츠마마,https://www.musinsa.com/app/goods/2293526/0,그린 폴리에스터 폴리우레탄 파우치 5 여자 33000 0
559,뉴비_c777c9e2,0,플리츠마마,https://www.musinsa.com/app/goods/2059933/0,기타 레더 폴리에스터 상의 5 여자 439000 0
560,뉴비_42902c0f,1,플리츠마마,https://www.musinsa.com/app/goods/2293698/0,기타 폴리에스터 폴리우레탄 가방 5 여자 43000 0
561,뉴비_42902c0f,0,플리츠마마,https://www.musinsa.com/app/goods/2061095/0,기타 울 복합소재 상의 5 여자 89000 0
562,뉴비_42902c0f,0,플리츠마마,https://www.musinsa.com/app/goods/2385875/0,블랙 면 폴리에스터 셋업 5 여자 80800 0
563,neaco,0,플리츠마마,https://www.musinsa.com/app/goods/2381217/0,블루 면 상의 5 여자 42000 0
564,neaco,0,플리츠마마,https://www.musinsa.com/app/goods/2315828/0,블루 면 모자 5 여자 49000 0
565,neaco,0,플리츠마마,https://www.musinsa.com/app/goods/1450200/0,블랙 None 상의 5 여자 42000 0
566,neaco,0,플리츠마마,https://www.musinsa.com/app/goods/1580216/0,화이트 면 가방 5 여자 19000 0
567,neaco,0,플리츠마마,https://www.musinsa.com/app/goods/2362508/0,블루 폴리에스터 레이온 폴리우레탄 상의 5 여자 82000 0
568,neaco,0,플리츠마마,https://www.musinsa.com/app/goods/2365474/0,아이보리 면 아크릴 상의 5 여자 109000 0
569,neaco,0,플리츠마마,https://www.musinsa.com/app/goods/1583547/0,네이비 면 상의 5 여자 84000 0
570,neaco,0,플리츠마마,https://www.musinsa.com/app/goods/2064575/0,네이비 면 상의 5 여자 128000 1
571,neaco,0,플리츠마마,https://www.musinsa.com/app/goods/2309598/0,블루 아크릴 상의 5 여자 69000 1
572,neaco,0,플리츠마마,https://www.musinsa.com/app/goods/2244164/0,블랙 면 상의 5 여자 47000 0
573,neaco,0,플리츠마마,https://www.musinsa.com/app/goods/2120202/0,블랙 면 상의 5 여자 79000 0
574,neaco,0,플리츠마마,https://www.musinsa.com/app/goods/2037254/0,기타 면 폴리에스터 상의 5 여자 59000 0
575,neaco,0,플리츠마마,https://www.musinsa.com/app/goods/2054244/0,블랙 면 폴리에스터 상의 5 여자 89000 0
576,neaco,0,플리츠마마,https://www.musinsa.com/app/goods/2157177/0,기타 캐시미어 나일론 울 상의 5 여자 115000 0
577,neaco,1,플리츠마마,https://www.musinsa.com/app/goods/2293835/0,기타 폴리에스터 폴리우레탄 가방 5 여자 39000 0
578,neaco,0,플리츠마마,https://www.musinsa.com/app/goods/2197636/0,블랙 면 가방 5 여자 19000 0
579,neaco,1,플리츠마마,https://www.musinsa.com/app/goods/2041216/0,멀티 폴리에스터 폴리우레탄 가방 5 여자 55000 1
580,neaco,0,플리츠마마,https://www.musinsa.com/app/goods/2134077/0,블랙 나일론 상의 5 여자 189000 1
581,neaco,0,플리츠마마,https://www.musinsa.com/app/goods/2115631/0,그레이 면 상의 5 여자 65000 0
582,neaco,0,플리츠마마,https://www.musinsa.com/app/goods/1557508/0,그레이 면 상의 5 여자 59000 0
583,neaco,0,플리츠마마,https://www.musinsa.com/app/goods/2040176/0,블랙 아크릴 폴리에스터 폴리우레탄 하의 5 여자 19600 0
584,neaco,0,플리츠마마,https://www.musinsa.com/app/goods/1813530/0,기타 폴리에스터 상의 5 여자 128000 1
585,neaco,0,플리츠마마,https://www.musinsa.com/app/goods/1531531/0,그레이 면 폴리에스터 상의 5 여자 69000 0
586,neaco,0,플리츠마마,https://www.musinsa.com/app/goods/2088982/0,그레이 면 폴리에스터 상의 5 여자 69000 0
587,neaco,0,플리츠마마,https://www.musinsa.com/app/goods/1846930/0,블루 면 상의 5 여자 39000 0
588,neaco,0,플리츠마마,https://www.musinsa.com/app/goods/1811945/0,네이비 면 상의 5 여자 79000 1
589,neaco,0,플리츠마마,https://www.musinsa.com/app/goods/2207992/0,베이지 None 모자 5 여자 69000 0
590,neaco,0,플리츠마마,https://www.musinsa.com/app/goods/2115627/0,그레이 면 상의 5 여자 65000 0
591,neaco,0,플리츠마마,https://www.musinsa.com/app/goods/1618237/0,그레이 면 상의 5 여자 62000 0
592,neaco,0,플리츠마마,https://www.musinsa.com/app/goods/2115574/0,멀티 아크릴 모자 5 여자 42000 1
593,neaco,0,플리츠마마,https://www.musinsa.com/app/goods/2156775/0,기타 나일론 상의 5 여자 78000 0
594,neaco,0,플리츠마마,https://www.musinsa.com/app/goods/1258285/0,그레이 면 폴리에스터 상의 5 여자 69000 0
595,neaco,0,플리츠마마,https://www.musinsa.com/app/goods/2060647/0,네이비 면 폴리에스터 상의 5 여자 69000 0
596,neaco,0,플리츠마마,https://www.musinsa.com/app/goods/2134014/0,블루 면 하의 5 여자 118000 0
597,neaco,0,플리츠마마,https://www.musinsa.com/app/goods/2118294/0,멀티 면 상의 5 여자 59000 1
598,neaco,0,플리츠마마,https://www.musinsa.com/app/goods/2157100/0,카키 폴리에스터 폴리우레탄 상의 5 여자 95000 0
599,neaco,0,플리츠마마,https://www.musinsa.com/app/goods/2073103/0,블랙 폴리에스터 가방 5 여자 58000 0
600,neaco,0,플리츠마마,https://www.musinsa.com/app/goods/2102195/0,그레이 면 모자 5 여자 42000 0
601,뉴비_5534469f,1,플리츠마마,https://www.musinsa.com/app/goods/2293720/0,멀티 폴리에스터 폴리우레탄 가방 5 남자 55000 1
602,뉴비_5534469f,0,플리츠마마,https://www.musinsa.com/app/goods/1762422/0,블랙 폴리에스터 폴리우레탄 상의 3 남자 159000 0
603,뉴비_5534469f,0,플리츠마마,https://www.musinsa.com/app/goods/1763623/0,카키 폴리에스터 하의 2 남자 69000 0
604,뉴비_5534469f,0,플리츠마마,https://www.musinsa.com/app/goods/2207057/0,기타 폴리에스터 셋업 5 남자 55000 0
605,zmxskw,0,플리츠마마,https://www.musinsa.com/app/goods/2142631/0,기타 폴리에스터 하의 5 여자 79000 1
606,zmxskw,0,플리츠마마,https://www.musinsa.com/app/goods/1890651/0,블랙 나일론 모자 5 여자 42000 0
607,zmxskw,1,플리츠마마,https://www.musinsa.com/app/goods/2293530/0,그린 폴리에스터 폴리우레탄 파우치 5 여자 49000 0
608,zmxskw,0,플리츠마마,https://www.musinsa.com/app/goods/2064480/0,블랙 면 폴리에스터 상의 5 여자 138000 0
609,zmxskw,0,플리츠마마,https://www.musinsa.com/app/goods/2087127/0,멀티 아크릴 모자 5 여자 29000 1
610,zmxskw,0,플리츠마마,https://www.musinsa.com/app/goods/2202191/0,그레이 면 하의 5 여자 72000 0
611,zmxskw,0,플리츠마마,https://www.musinsa.com/app/goods/2088809/0,블랙 None 하의 4 여자 98000 0
612,유곰돌,0,플리츠마마,https://www.musinsa.com/app/goods/2288914/0,화이트 면 상의 5 알수없음 49000 0
613,유곰돌,1,플리츠마마,https://www.musinsa.com/app/goods/2293902/0,블랙 폴리에스터 가방 5 알수없음 58000 1
614,유곰돌,0,플리츠마마,https://www.musinsa.com/app/goods/2287216/0,기타 면 모자 5 알수없음 37000 0
615,lGianna,0,플리츠마마,https://www.musinsa.com/app/goods/2066837/0,블랙 코듀라 가방 5 여자 119000 0
616,lGianna,1,플리츠마마,https://www.musinsa.com/app/goods/1115628/0,블랙 폴리에스터 폴리우레탄 가방 5 여자 59000 0
617,lGianna,0,플리츠마마,https://www.musinsa.com/app/goods/2064480/0,블랙 면 폴리에스터 상의 5 여자 138000 0
618,lGianna,0,플리츠마마,https://www.musinsa.com/app/goods/2052762/0,그레이 폴리에스터 상의 5 여자 129000 0
619,뉴비_741d352b,1,플리츠마마,https://www.musinsa.com/app/goods/2293901/0,블루 폴리에스터 가방 5 여자 58000 1
620,ㅇ실,1,플리츠마마,https://www.musinsa.com/app/goods/1115699/0,그린 폴리에스터 폴리우레탄 가방 5 여자 53000 0
621,ㅇ실,0,플리츠마마,https://www.musinsa.com/app/goods/1748196/0,블랙 폴리에스터 가방 5 여자 47900 0
622,Bamyerinin,0,플리츠마마,https://www.musinsa.com/app/goods/2114140/0,네이비 울 나일론 모자 5 여자 39000 0
623,Bamyerinin,1,플리츠마마,https://www.musinsa.com/app/goods/2293808/0,블루 폴리에스터 폴리우레탄 가방 5 여자 97000 1
624,Bamyerinin,0,플리츠마마,https://www.musinsa.com/app/goods/1716264/0,기타 아크릴 모자 5 여자 19000 0
625,Bamyerinin,0,플리츠마마,https://www.musinsa.com/app/goods/993239/0,아이보리 레더 가방 5 여자 108000 0
626,Bamyerinin,1,플리츠마마,https://www.musinsa.com/app/goods/1115628/0,블랙 폴리에스터 폴리우레탄 가방 5 여자 59000 0
627,멤버_e481c62b3679,0,플리츠마마,https://www.musinsa.com/app/goods/2350856/0,블랙 면 하의 4 남자 48000 0
628,멤버_e481c62b3679,1,플리츠마마,https://www.musinsa.com/app/goods/1115631/0,그린 폴리에스터 폴리우레탄 가방 5 남자 59000 0
629,멤버_e481c62b3679,0,플리츠마마,https://www.musinsa.com/app/goods/1609490/0,블랙 울 폴리에스터 상의 5 남자 173000 0
630,윤송이ㅔ,1,플리츠마마,https://www.musinsa.com/app/goods/2293530/0,그린 폴리에스터 폴리우레탄 파우치 5 알수없음 49000 0
631,윤송이ㅔ,0,플리츠마마,https://www.musinsa.com/app/goods/2321338/0,블랙 폴리에스터 나일론 상의 5 알수없음 129000 1
632,윤송이ㅔ,0,플리츠마마,https://www.musinsa.com/app/goods/1492946/0,블랙 None 가방 5 알수없음 128000 0
633,yoshiruth,0,플리츠마마,https://www.musinsa.com/app/goods/1639757/0,블랙 폴리에스터 폴리우레탄 상의 5 알수없음 100 0
634,yoshiruth,1,플리츠마마,https://www.musinsa.com/app/goods/1115689/0,블랙 폴리에스터 폴리우레탄 가방 5 알수없음 53000 0
635,yoshiruth,0,플리츠마마,https://www.musinsa.com/app/goods/1905429/0,블랙 None 가방 5 알수없음 120000 0
636,히다마리,0,플리츠마마,https://www.musinsa.com/app/goods/2399202/0,아이보리 면 아크릴 상의 5 여자 138000 0
637,히다마리,0,플리츠마마,https://www.musinsa.com/app/goods/2399178/0,아이보리 면 모자 5 여자 58000 0
638,히다마리,0,플리츠마마,https://www.musinsa.com/app/goods/2102887/0,블랙 면 모자 5 여자 45000 0
639,히다마리,0,플리츠마마,https://www.musinsa.com/app/goods/1134355/0,그레이 면 폴리에스터 상의 5 여자 79000 0
640,히다마리,0,플리츠마마,https://www.musinsa.com/app/goods/2295859/0,블랙 아크릴 상의 5 여자 39000 1
641,히다마리,0,플리츠마마,https://www.musinsa.com/app/goods/1824971/0,네이비 면 가방 5 여자 25900 1
642,히다마리,0,플리츠마마,https://www.musinsa.com/app/goods/2399192/0,그린 면 상의 5 여자 58000 0
643,히다마리,0,플리츠마마,https://www.musinsa.com/app/goods/2203637/0,블루 폴리에스터 상의 5 여자 199000 0
644,히다마리,0,플리츠마마,https://www.musinsa.com/app/goods/2210918/0,화이트 폴리에스터 상의 5 여자 218000 0
645,히다마리,0,플리츠마마,https://www.musinsa.com/app/goods/2148582/0,블랙 아크릴 나일론 울 모자 5 여자 42000 0
646,히다마리,1,플리츠마마,https://www.musinsa.com/app/goods/1115699/0,그린 폴리에스터 폴리우레탄 가방 5 여자 53000 0
647,히다마리,0,플리츠마마,https://www.musinsa.com/app/goods/2213682/0,아이보리 폴리에스터 모자 5 여자 38000 0
648,labiaje,1,플리츠마마,https://www.musinsa.com/app/goods/2293530/0,그린 폴리에스터 폴리우레탄 파우치 5 알수없음 49000 0
649,갓인형,1,플리츠마마,https://www.musinsa.com/app/goods/2293724/0,블루 폴리에스터 폴리우레탄 가방 5 여자 45000 0
650,갓인형,1,플리츠마마,https://www.musinsa.com/app/goods/1893296/0,기타 폴리에스터 가방 5 여자 49800 0
651,땅팜,0,플리츠마마,https://www.musinsa.com/app/goods/1500014/0,블랙 나일론 가방 5 남자 58000 0
652,땅팜,0,플리츠마마,https://www.musinsa.com/app/goods/2384905/0,카키 면 아크릴 상의 5 남자 79000 0
653,땅팜,0,플리츠마마,https://www.musinsa.com/app/goods/2384866/0,블랙 아크릴 상의 5 남자 79000 1
654,땅팜,0,플리츠마마,https://www.musinsa.com/app/goods/2082818/0,네이비 면 폴리에스터 상의 5 남자 134000 0
655,땅팜,1,플리츠마마,https://www.musinsa.com/app/goods/1115628/0,블랙 폴리에스터 폴리우레탄 가방 5 남자 59000 0
656,Southhj,1,플리츠마마,https://www.musinsa.com/app/goods/2293769/0,멀티 폴리에스터 폴리우레탄 가방 5 알수없음 75000 1
657,헐크랑,0,플리츠마마,https://www.musinsa.com/app/goods/703991/0,블랙 면 상의 5 여자 59000 0
658,헐크랑,1,플리츠마마,https://www.musinsa.com/app/goods/1115628/0,블랙 폴리에스터 폴리우레탄 가방 5 여자 59000 0
659,헐크랑,0,플리츠마마,https://www.musinsa.com/app/goods/1825827/0,블랙 폴리에스터 가방 5 여자 59800 0
660,헐크랑,0,플리츠마마,https://www.musinsa.com/app/goods/999449/0,블랙 면 폴리에스터 하의 5 여자 66800 0
661,뉴비_cfedbae8,0,플리츠마마,https://www.musinsa.com/app/goods/2504646/0,블랙 레이온 나일론 상의 5 여자 49900 0
662,뉴비_cfedbae8,0,플리츠마마,https://www.musinsa.com/app/goods/2530767/0,네이비 면 상의 5 여자 49000 0
663,뉴비_cfedbae8,0,플리츠마마,https://www.musinsa.com/app/goods/2459922/0,화이트 면 상의 5 여자 39000 0
664,뉴비_cfedbae8,0,플리츠마마,https://www.musinsa.com/app/goods/1276335/0,네이비 폴리에스터 상의 5 여자 98000 0
665,뉴비_cfedbae8,0,플리츠마마,https://www.musinsa.com/app/goods/2124427/0,블루 면 하의 5 여자 39900 0
666,뉴비_cfedbae8,0,플리츠마마,https://www.musinsa.com/app/goods/2385475/0,블루 폴리에스터 레이온 폴리우레탄 상의 5 여자 49000 1
667,뉴비_cfedbae8,0,플리츠마마,https://www.musinsa.com/app/goods/2404481/0,블루 면 하의 5 여자 138000 1
668,뉴비_cfedbae8,0,플리츠마마,https://www.musinsa.com/app/goods/2001097/0,기타 면 하의 5 여자 49000 0
669,뉴비_cfedbae8,0,플리츠마마,https://www.musinsa.com/app/goods/2313906/0,블랙 면 셋업 5 여자 99600 0
670,뉴비_cfedbae8,0,플리츠마마,https://www.musinsa.com/app/goods/1141272/0,기타 면 폴리우레탄 상의 5 여자 53300 0
671,뉴비_cfedbae8,0,플리츠마마,https://www.musinsa.com/app/goods/539139/0,기타 면 상의 5 여자 59900 1
672,뉴비_cfedbae8,0,플리츠마마,https://www.musinsa.com/app/goods/1122523/0,블랙 면 폴리우레탄 상의 5 여자 39000 1
673,뉴비_cfedbae8,0,플리츠마마,https://www.musinsa.com/app/goods/2299857/0,그린 면 폴리우레탄 상의 5 여자 79000 0
674,뉴비_cfedbae8,0,플리츠마마,https://www.musinsa.com/app/goods/2179850/0,블랙 면 폴리우레탄 상의 5 여자 57000 0
675,뉴비_cfedbae8,0,플리츠마마,https://www.musinsa.com/app/goods/2289302/0,블랙 폴리에스터 가방 5 여자 119000 0
676,뉴비_cfedbae8,1,플리츠마마,https://www.musinsa.com/app/goods/2293754/0,기타 폴리에스터 폴리우레탄 가방 5 여자 59000 0
677,뉴비_cfedbae8,0,플리츠마마,https://www.musinsa.com/app/goods/2262453/0,아이보리 면 폴리우레탄 상의 5 여자 79000 0
678,뉴비_cfedbae8,0,플리츠마마,https://www.musinsa.com/app/goods/2189056/0,블루 면 하의 5 여자 119000 1
679,뉴비_cfedbae8,0,플리츠마마,https://www.musinsa.com/app/goods/2193211/0,그레이 아크릴 모자 5 여자 28800 0
680,뉴비_cfedbae8,0,플리츠마마,https://www.musinsa.com/app/goods/2117246/0,블랙 폴리에스터 레이온 폴리우레탄 상의 5 여자 69900 0
681,뉴비_cfedbae8,0,플리츠마마,https://www.musinsa.com/app/goods/1853715/0,블랙 폴리에스터 레이온 폴리우레탄 하의 5 여자 32900 0
682,뉴비_cfedbae8,0,플리츠마마,https://www.musinsa.com/app/goods/2193210/0,그린 아크릴 모자 5 여자 28800 0
683,*****\\,0,플리츠마마,https://www.musinsa.com/app/goods/1963001/0,블랙 면 종이 모자 5 여자 39000 0
684,*****\\,0,플리츠마마,https://www.musinsa.com/app/goods/1797621/0,그레이 폴리에스터 레이온 폴리우레탄 상의 5 여자 71900 0
685,*****\\,0,플리츠마마,https://www.musinsa.com/app/goods/1852564/0,그레이 폴리에스터 레이온 폴리우레탄 하의 5 여자 32900 0
686,*****\\,0,플리츠마마,https://www.musinsa.com/app/goods/2315580/0,베이지 아크릴 상의 5 여자 49000 0
687,*****\\,0,플리츠마마,https://www.musinsa.com/app/goods/2451620/0,네이비 면 상의 5 여자 39000 0
688,*****\\,0,플리츠마마,https://www.musinsa.com/app/goods/2409521/0,블랙 면 종이 모자 5 여자 42000 0
689,*****\\,0,플리츠마마,https://www.musinsa.com/app/goods/1742067/0,아이보리 면 가방 5 여자 31000 0
690,*****\\,0,플리츠마마,https://www.musinsa.com/app/goods/1540397/0,블랙 None 가방 5 여자 49000 0
691,*****\\,0,플리츠마마,https://www.musinsa.com/app/goods/1844582/0,그레이 면 폴리우레탄 하의 4 여자 40800 0
692,*****\\,0,플리츠마마,https://www.musinsa.com/app/goods/2223504/0,네이비 면 상의 5 여자 79000 0
693,*****\\,1,플리츠마마,https://www.musinsa.com/app/goods/2293902/0,블랙 폴리에스터 가방 5 여자 58000 1
694,*****\\,1,플리츠마마,https://www.musinsa.com/app/goods/2296684/0,그린 폴리에스터 가방 5 여자 43000 0
695,*****\\,0,플리츠마마,https://www.musinsa.com/app/goods/1576738/0,그린 나일론 상의 4 여자 89000 0
696,*****\\,0,플리츠마마,https://www.musinsa.com/app/goods/2135207/0,블랙 폴리에스터 나일론 상의 5 여자 99000 0
697,jjunnyy,0,플리츠마마,https://www.musinsa.com/app/goods/2245734/0,기타 울 나일론 아크릴 폴리에스터 폴리우레탄 상의 5 남자 100800 0
698,jjunnyy,0,플리츠마마,https://www.musinsa.com/app/goods/2211021/0,블루 레이온 폴리에스터 나일론 상의 5 남자 65000 0
699,jjunnyy,0,플리츠마마,https://www.musinsa.com/app/goods/2214524/0,블랙 나일론 상의 5 남자 79000 0
700,jjunnyy,0,플리츠마마,https://www.musinsa.com/app/goods/1180665/0,블랙 폴리에스터 상의 5 남자 23900 0
701,jjunnyy,0,플리츠마마,https://www.musinsa.com/app/goods/2210990/0,그레이 아크릴 상의 5 남자 58000 0
702,jjunnyy,0,플리츠마마,https://www.musinsa.com/app/goods/2235065/0,베이지 폴리에스터 레이온 하의 5 남자 82000 0
703,jjunnyy,1,플리츠마마,https://www.musinsa.com/app/goods/2293900/0,그린 폴리에스터 가방 5 남자 58000 1
704,jjunnyy,0,플리츠마마,https://www.musinsa.com/app/goods/1249102/0,베이지 폴리에스터 레이온 폴리우레탄 하의 5 남자 32900 0
705,jjunnyy,0,플리츠마마,https://www.musinsa.com/app/goods/2236747/0,네이비 폴리에스터 레이온 상의 5 남자 359000 0
706,jjunnyy,0,플리츠마마,https://www.musinsa.com/app/goods/2217058/0,화이트 면 하의 5 남자 98000 1
707,jjunnyy,0,플리츠마마,https://www.musinsa.com/app/goods/2210960/0,그린 레이온 폴리에스터 나일론 상의 5 남자 57000 0
708,뉴비_2bb6abf937f4,0,플리츠마마,https://www.musinsa.com/app/goods/1842227/0,블랙 면 나일론 상의 5 알수없음 43900 0
709,뉴비_2bb6abf937f4,1,플리츠마마,https://www.musinsa.com/app/goods/2293873/0,블랙 폴리에스터 가방 5 알수없음 77000 0
710,허싱싱,1,플리츠마마,https://www.musinsa.com/app/goods/2041227/0,기타 폴리에스터 폴리우레탄 가방 5 여자 59000 0
711,허싱싱,0,플리츠마마,https://www.musinsa.com/app/goods/2196725/0,아이보리 울 아크릴 모자 5 여자 35000 0
712,석재은,0,플리츠마마,https://www.musinsa.com/app/goods/2122170/0,베이지 아크릴 모자 5 여자 29000 0
713,석재은,0,플리츠마마,https://www.musinsa.com/app/goods/2064480/0,블랙 면 폴리에스터 상의 5 여자 138000 0
714,석재은,1,플리츠마마,https://www.musinsa.com/app/goods/1686958/0,블랙 폴리에스터 폴리우레탄 가방 5 여자 39000 0
